-- phpMyAdmin SQL Dump
-- version 4.8.5
-- https://www.phpmyadmin.net/
--
-- Host: 127.0.0.1
-- Generation Time: Oct 01, 2020 at 03:21 AM
-- Server version: 10.1.38-MariaDB
-- PHP Version: 5.6.40

SET SQL_MODE = "NO_AUTO_VALUE_ON_ZERO";
SET AUTOCOMMIT = 0;
START TRANSACTION;
SET time_zone = "+00:00";


/*!40101 SET @OLD_CHARACTER_SET_CLIENT=@@CHARACTER_SET_CLIENT */;
/*!40101 SET @OLD_CHARACTER_SET_RESULTS=@@CHARACTER_SET_RESULTS */;
/*!40101 SET @OLD_COLLATION_CONNECTION=@@COLLATION_CONNECTION */;
/*!40101 SET NAMES utf8mb4 */;

--
-- Database: `kp`
--

-- --------------------------------------------------------

--
-- Table structure for table `dosen`
--

CREATE TABLE `dosen` (
  `nip` varchar(18) NOT NULL,
  `nama_dosen` varchar(30) DEFAULT NULL,
  `password` varchar(34) DEFAULT NULL,
  `level` int(1) NOT NULL
) ENGINE=InnoDB DEFAULT CHARSET=latin1;

--
-- Dumping data for table `dosen`
--

INSERT INTO `dosen` (`nip`, `nama_dosen`, `password`, `level`) VALUES
('195401221986091001', 'Drs. Muhammad Izzudi', 'ce28eed1511f631af6b2a7bb0a85d636', 1),
('195506161985031001', 'Drs. Wahiruddin Wadi', 'ce28eed1511f631af6b2a7bb0a85d636', 1),
('195511021982031006', 'Drs. Rizkan, M.Kes', 'ce28eed1511f631af6b2a7bb0a85d636', 1),
('195711281986031004', 'Drs. Suardi, M.Pd', 'ce28eed1511f631af6b2a7bb0a85d636', 1),
('195804071985031001', 'Drs. Agus Zainal Rac', 'ce28eed1511f631af6b2a7bb0a85d636', 1),
('195808041986031001', 'Drs. Yayan Mulyana, ', 'ce28eed1511f631af6b2a7bb0a85d636', 1),
('195812191984031002', 'Drs. Parlan, M.Pd', 'ce28eed1511f631af6b2a7bb0a85d636', 1),
('195910051985031006', 'Drs. Rufran Zulkarna', 'ce28eed1511f631af6b2a7bb0a85d636', 1),
('195911101989031004', 'Dr. Ilham Abdullah, ', 'ce28eed1511f631af6b2a7bb0a85d636', 1),
('196211121988031001', 'Drs. Sofino, M.Pd', 'ce28eed1511f631af6b2a7bb0a85d636', 2),
('198808312014042001', 'Ririn Gusti, M.Pd.I ', 'ce28eed1511f631af6b2a7bb0a85d636', 1);

-- --------------------------------------------------------

--
-- Table structure for table `mahasiswa`
--

CREATE TABLE `mahasiswa` (
  `npm` varchar(9) NOT NULL,
  `nama_mhs` varchar(34) DEFAULT NULL,
  `password` varchar(50) DEFAULT NULL,
  `level` int(11) NOT NULL,
  `matkul_metopen` varchar(20) DEFAULT NULL
) ENGINE=InnoDB DEFAULT CHARSET=latin1;

--
-- Dumping data for table `mahasiswa`
--

INSERT INTO `mahasiswa` (`npm`, `nama_mhs`, `password`, `level`, `matkul_metopen`) VALUES
('A1J010000', 'randi', '5787be38ee03a9ae5360f54d9026465f', 2, '15986762897823.jpg'),
('A1J012020', 'amin', '5787be38ee03a9ae5360f54d9026465f', 2, '15986917432043.jpg'),
('A1J012112', 'sayak', '5787be38ee03a9ae5360f54d9026465f', 2, '15986891070996.jpg'),
('A1J013030', 'jaharudin', '5787be38ee03a9ae5360f54d9026465f', 2, '15984424147666.jpg'),
('A1J013064', 'Richad Nugroho ', 'e311f596da20bac0ee2bc69a922480b2', 2, '15984424147666.jpg'),
('A1J014001', 'Monalia Oktavyani ', '5787be38ee03a9ae5360f54d9026465f', 2, '15984424147666.jpg'),
('A1J014002', 'Ade Elma Chintia', '5787be38ee03a9ae5360f54d9026465f', 2, '15984424147666.jpg'),
('A1J014003', 'Ida Safitri      ', '5787be38ee03a9ae5360f54d9026465f', 2, '15984424147666.jpg'),
('A1J014004', 'Mildayana ', '5787be38ee03a9ae5360f54d9026465f', 2, '15984424147666.jpg'),
('A1J014005', 'Devia Astika Wanda ', '5787be38ee03a9ae5360f54d9026465f', 2, '15984424147666.jpg'),
('A1J014007', 'Puspa Mardia Ulfa ', '5787be38ee03a9ae5360f54d9026465f', 2, '15984424147666.jpg'),
('A1J014008', 'Reza Karolina ', '5787be38ee03a9ae5360f54d9026465f', 2, '15984424147666.jpg'),
('A1J014010', 'Nofriandi ', '5787be38ee03a9ae5360f54d9026465f', 2, '15984424147666.jpg'),
('A1J014011', 'Aimas Rosmala Sari ', '5787be38ee03a9ae5360f54d9026465f', 2, '15984424147666.jpg'),
('A1J014012', 'Nanda Ayu  Wohanda ', '5787be38ee03a9ae5360f54d9026465f', 2, '15984424147666.jpg'),
('A1J014015', 'Mita Okta Sari ', '5787be38ee03a9ae5360f54d9026465f', 2, '15984424147666.jpg'),
('A1J014019', 'Diki Anugrah', '5787be38ee03a9ae5360f54d9026465f', 2, '15984424147666.jpg'),
('A1J014022', 'Desi Anggraini ', '5787be38ee03a9ae5360f54d9026465f', 2, '15984424147666.jpg'),
('A1J014023', 'Ririn Pratika Adevio ', '5787be38ee03a9ae5360f54d9026465f', 2, '15984424147666.jpg'),
('A1J014025', 'Apri Novita Sari ', '5787be38ee03a9ae5360f54d9026465f', 2, '15984424147666.jpg'),
('A1J014028', 'Usep Amindi Saputra', '5787be38ee03a9ae5360f54d9026465f', 2, '15984424147666.jpg'),
('A1J014029', 'Nia Ulfasari', '5787be38ee03a9ae5360f54d9026465f', 2, '15984424147666.jpg'),
('A1J014030', 'Yartika Ulandari ', '5787be38ee03a9ae5360f54d9026465f', 2, '15984424147666.jpg'),
('A1J014031', 'Fera Indah Sari ', '5787be38ee03a9ae5360f54d9026465f', 2, '15984424147666.jpg'),
('A1J014032', 'Inggit Yulianti', '5787be38ee03a9ae5360f54d9026465f', 2, '15984424147666.jpg'),
('A1J014033', 'Shinta Octaviani ', '5787be38ee03a9ae5360f54d9026465f', 2, '15984424147666.jpg'),
('A1J014034', 'Dina Dayanti       ', '5787be38ee03a9ae5360f54d9026465f', 2, '15984424147666.jpg'),
('A1J014035', 'Elva Triastuti ', '5787be38ee03a9ae5360f54d9026465f', 2, '15984424147666.jpg'),
('A1J014036', 'Indah Fuspita Sari ', '5787be38ee03a9ae5360f54d9026465f', 2, '15984424147666.jpg'),
('A1J014037', 'Ambar Tri Reski ', '5787be38ee03a9ae5360f54d9026465f', 2, '15984424147666.jpg'),
('A1J014038', 'Maria Ulfi', '5787be38ee03a9ae5360f54d9026465f', 2, '15984424147666.jpg'),
('A1J014039', 'Riki Zakaria', '5787be38ee03a9ae5360f54d9026465f', 2, '15984424147666.jpg'),
('A1J014040', 'Ade Putri Nurani ', '5787be38ee03a9ae5360f54d9026465f', 2, '15984424147666.jpg'),
('A1J014041', 'Bellynda Rossalina ', '5787be38ee03a9ae5360f54d9026465f', 2, '15984424147666.jpg'),
('A1J014044', 'Fatimah Azzahra ', '5787be38ee03a9ae5360f54d9026465f', 2, '15984424147666.jpg'),
('A1J014045', 'Haris Dwi Putra ', '5787be38ee03a9ae5360f54d9026465f', 2, '15984424147666.jpg'),
('A1J014047', 'Erica Dona Oktaviani ', '5787be38ee03a9ae5360f54d9026465f', 2, '15984424147666.jpg'),
('A1J014048', 'Peti Andes Sari ', '5787be38ee03a9ae5360f54d9026465f', 2, '15984424147666.jpg'),
('A1J014049', 'Nova Nurrohma Putri     ', '5787be38ee03a9ae5360f54d9026465f', 2, '15984424147666.jpg'),
('A1J014050', 'Elisa Yunita', '5787be38ee03a9ae5360f54d9026465f', 2, '15984424147666.jpg'),
('A1J014051', 'Jeni Akselina ', '5787be38ee03a9ae5360f54d9026465f', 2, '15984424147666.jpg'),
('A1J014052', 'Sipsiansyah  ', '5787be38ee03a9ae5360f54d9026465f', 2, '15984424147666.jpg'),
('A1J014053', 'Kartika Ayu Ningsih', '5787be38ee03a9ae5360f54d9026465f', 2, '15984424147666.jpg'),
('A1J014055', 'Ida Maryenni', '5787be38ee03a9ae5360f54d9026465f', 2, '15984424147666.jpg'),
('A1J014056', 'Lita Eliza  ', '5787be38ee03a9ae5360f54d9026465f', 2, '15984424147666.jpg'),
('A1J014057', 'Yossi Notalia ', '5787be38ee03a9ae5360f54d9026465f', 2, '15984424147666.jpg'),
('A1J014058', 'Raden Ahmad Segentar Alam  ', '5787be38ee03a9ae5360f54d9026465f', 2, '15984424147666.jpg'),
('A1J014059', 'Reko Kristian', '5787be38ee03a9ae5360f54d9026465f', 2, '15984424147666.jpg'),
('A1J014062', 'Pipin Sri Rahayu ', '5787be38ee03a9ae5360f54d9026465f', 2, '15984424147666.jpg'),
('A1J014063', 'Renty Agustin ', '5787be38ee03a9ae5360f54d9026465f', 2, '15984424147666.jpg'),
('A1J014064', 'Nursakhairudin      ', '5787be38ee03a9ae5360f54d9026465f', 2, '15984424147666.jpg'),
('A1J014065', 'Didi Irawan', '5787be38ee03a9ae5360f54d9026465f', 2, '15984424147666.jpg'),
('A1J014066', 'Sulastri ', '5787be38ee03a9ae5360f54d9026465f', 2, '15984424147666.jpg'),
('A1J014070', 'Laras Fatika Sari', '5787be38ee03a9ae5360f54d9026465f', 2, '15984424147666.jpg'),
('A1J014072', 'Ririn Octaviani Sapitri', '5787be38ee03a9ae5360f54d9026465f', 2, '15984424147666.jpg'),
('A1J014073', 'Dwi Fitri Utami ', '5787be38ee03a9ae5360f54d9026465f', 2, '15984424147666.jpg'),
('A1J015005', 'Dapit Agustio', '5787be38ee03a9ae5360f54d9026465f', 2, '15984424147666.jpg'),
('A1J015007', 'Putri Eflina Mardayanti', '5787be38ee03a9ae5360f54d9026465f', 2, '15984424147666.jpg'),
('A1J015011', 'Wilsa Oktavia', '5787be38ee03a9ae5360f54d9026465f', 2, '15984424147666.jpg'),
('A1J015013', 'Gianita Larasati', 'fb5c4a9c4502898c8a66650358c173c6', 2, '15984424147666.jpg'),
('A1J015018', 'Desi Mawengsi', '5787be38ee03a9ae5360f54d9026465f', 2, '15984424147666.jpg'),
('A1J015019', 'Jon Kenedi', '5787be38ee03a9ae5360f54d9026465f', 2, '15984424147666.jpg'),
('A1J015020', 'Putika Andini', '5787be38ee03a9ae5360f54d9026465f', 2, '15984424147666.jpg'),
('A1J015021', 'Wahyu Septiani', '5787be38ee03a9ae5360f54d9026465f', 2, '15984424147666.jpg'),
('A1J015023', 'Dea Novita', '5787be38ee03a9ae5360f54d9026465f', 2, '15984424147666.jpg'),
('A1J015024', 'Ficke Roliza', '5787be38ee03a9ae5360f54d9026465f', 2, '15984424147666.jpg'),
('A1J015025', 'Ririn Suryani', '5787be38ee03a9ae5360f54d9026465f', 2, '15984424147666.jpg'),
('A1J015030', 'Novia  Nurul Anwari', '5787be38ee03a9ae5360f54d9026465f', 2, '15984424147666.jpg'),
('A1J015031', 'Reka Indah Pratiwi', '5787be38ee03a9ae5360f54d9026465f', 2, '15984424147666.jpg'),
('A1J015032', 'Astri Rarantika ', '5787be38ee03a9ae5360f54d9026465f', 2, '15984424147666.jpg'),
('A1J015037', 'Diah Agustina', '5787be38ee03a9ae5360f54d9026465f', 2, '15984424147666.jpg'),
('A1J891221', 'AAAAAA', '25f9e794323b453885f5181f1b624d0b', 2, '15984424147666.jpg');

-- --------------------------------------------------------

--
-- Table structure for table `nilai`
--

CREATE TABLE `nilai` (
  `id_nilai` int(11) NOT NULL,
  `npm` varchar(9) DEFAULT NULL,
  `id_bimbing` int(11) DEFAULT NULL,
  `total` varchar(11) DEFAULT NULL,
  `jenis_seminar` enum('semprop','semhas','sidang','') DEFAULT NULL,
  `status1` enum('lulus','gagal','','') DEFAULT NULL,
  `ASS` varchar(30) DEFAULT NULL,
  `dipt` varchar(19) DEFAULT NULL,
  `pendahuluan` varchar(11) DEFAULT NULL,
  `pustaka` varchar(11) DEFAULT NULL,
  `metopen` varchar(11) DEFAULT NULL,
  `hasilpem` varchar(11) DEFAULT NULL,
  `simpsar` varchar(11) DEFAULT NULL,
  `bahasa` varchar(11) DEFAULT NULL,
  `ttulis` varchar(11) DEFAULT NULL,
  `argumen` varchar(11) DEFAULT NULL,
  `metode` varchar(11) DEFAULT NULL,
  `materi` varchar(11) DEFAULT NULL
) ENGINE=InnoDB DEFAULT CHARSET=latin1;

--
-- Dumping data for table `nilai`
--

INSERT INTO `nilai` (`id_nilai`, `npm`, `id_bimbing`, `total`, `jenis_seminar`, `status1`, `ASS`, `dipt`, `pendahuluan`, `pustaka`, `metopen`, `hasilpem`, `simpsar`, `bahasa`, `ttulis`, `argumen`, `metode`, `materi`) VALUES
(1, 'A1J014038', 1, '706', 'semprop', 'lulus', 'Drs. Rufran Zulkarnain,M.Pd', '195910051985031006', '3', '3', '3', '3', '3', '3', '3', '3', '3', '3'),
(2, 'A1J014034', 2, '722', 'semprop', 'lulus', 'Drs. Rufran Zulkarnain,M.Pd', '195910051985031006', '3', '3', '3', '3', '3', '3', '3', '3', '3', '3'),
(3, 'A1J014003', 3, '710', 'semprop', 'lulus', 'Drs.Rizkan,M.Pd', '195511021982031006', '3', '3', '3', '3', '3', '3', '3', '3', '3', '3'),
(4, 'A1J014028', 4, '704', 'semprop', 'lulus', 'Drs. Rufran Zulkarnain,M.Pd', '195910051985031006', '3', '3', '3', '3', '3', '3', '3', '3', '3', '3'),
(5, 'A1J014032', 5, '706', 'semprop', 'lulus', 'Drs. Rufran Zulkarnain,M.Pd', '195910051985031006', '3', '3', '3', '3', '3', '3', '3', '3', '3', '3'),
(6, 'A1J014001', 6, '684', 'semprop', 'lulus', 'Dr.M.Ilham Abdullah,M.Pd', '195911101989031004', '3', '3', '3', '3', '3', '3', '3', '3', '3', '3'),
(7, 'A1J014049', 7, '682', 'semprop', 'lulus', 'Dr.M.Ilham Abdullah,M.Pd', '195911101989031004', '3', '3', '3', '3', '3', '3', '3', '3', '3', '3'),
(8, 'A1J014073', 8, '710', 'semprop', 'lulus', 'Dr.M.Ilham Abdullah,M.Pd', '195911101989031004', '3', '3', '3', '3', '3', '3', '3', '3', '3', '3'),
(9, 'A1J014070', 9, '692', 'semprop', 'lulus', 'Drs. Rufran Zulkarnain,M.Pd', '195910051985031006', '3', '3', '3', '3', '3', '3', '3', '3', '3', '3'),
(10, 'A1J014029', 10, '698', 'semprop', 'lulus', 'Drs. Rufran Zulkarnain,M.Pd', '195910051985031006', '3', '3', '3', '3', '3', '3', '3', '3', '3', '3'),
(11, 'A1J014002', 11, '696', 'semprop', 'lulus', 'Drs.Rizkan,M.Pd', '195511021982031006', '3', '3', '3', '3', '3', '3', '3', '3', '3', '3'),
(12, 'A1J014062', 12, '644', 'semprop', 'lulus', 'Drs.Rizkan,M.Pd', '195511021982031006', '3', '3', '3', '3', '3', '3', '3', '3', '3', '3'),
(13, 'A1J014052', 13, '780', 'semprop', 'lulus', 'Dr.M.Ilham Abdullah,M.Pd', '195911101989031004', '3', '3', '3', '3', '3', '3', '3', '3', '3', '3'),
(14, 'A1J014044', 14, '680', 'semprop', 'lulus', 'Drs.Rizkan,M.Pd', '195511021982031006', '3', '3', '3', '3', '3', '3', '3', '3', '3', '3'),
(15, 'A1J014036', 15, '632', 'semprop', 'lulus', 'Drs.Rizkan,M.Pd', '195511021982031006', '3', '3', '3', '3', '3', '3', '3', '3', '3', '3'),
(16, 'A1J014008', 16, '682', 'semprop', 'lulus', 'Drs. Wahiruddin Wadin, M.Pd', '195506161985031001', '3', '3', '3', '3', '3', '3', '3', '3', '3', '3'),
(17, 'A1J014057', 17, '630', 'semprop', 'lulus', 'Drs. Wahiruddin Wadin, M.Pd', '195506161985031001', '3', '3', '3', '3', '3', '3', '3', '3', '3', '3'),
(18, 'A1J014004', 18, '680', 'semprop', 'lulus', 'Dr.M.Ilham Abdullah,M.Pd', '195911101989031004', '3', '3', '3', '3', '3', '3', '3', '3', '3', '3'),
(19, 'A1J014025', 19, '680', 'semprop', 'lulus', 'Drs. Wahiruddin Wadin, M.Pd', '195506161985031001', '3', '3', '3', '3', '3', '3', '3', '3', '3', '3'),
(20, 'A1J014023', 20, '654', 'semprop', 'lulus', 'Dr.M.Ilham Abdullah,M.Pd', '195911101989031004', '3', '3', '3', '3', '3', '3', '3', '3', '3', '3'),
(21, 'A1J014022', 21, '690', 'semprop', 'lulus', 'Dr.M.Ilham Abdullah,M.Pd', '195911101989031004', '3', '3', '3', '3', '3', '3', '3', '3', '3', '3'),
(22, 'A1J014041', 22, '682', 'semprop', 'lulus', 'Drs. Wahiruddin Wadin, M.Pd', '195506161985031001', '3', '3', '3', '3', '3', '3', '3', '3', '3', '3'),
(23, 'A1J014012', 23, '682', 'semprop', 'lulus', 'Drs. Agus Zainal Rachmat.M.Pd', '195804071985031001', '3', '3', '3', '3', '3', '3', '3', '3', '3', '3'),
(24, 'A1J014051', 24, '690', 'semprop', 'lulus', 'Dr.M.Ilham Abdullah,M.Pd', '195911101989031004', '3', '3', '3', '3', '3', '3', '3', '3', '3', '3'),
(25, 'A1J014011', 25, '654', 'semprop', 'lulus', 'Drs. Agus Zainal Rachmat.M.Pd', '195804071985031001', '3', '3', '3', '3', '3', '3', '3', '3', '3', '3'),
(26, 'A1J014035', 26, '690', 'semprop', 'lulus', 'Drs.Rizkan,M.Pd', '195511021982031006', '3', '3', '3', '3', '3', '3', '3', '3', '3', '3'),
(27, 'A1J014005', 27, '692', 'semprop', 'lulus', 'Dr.M.Ilham Abdullah,M.Pd', '195911101989031004', '3', '3', '3', '3', '3', '3', '3', '3', '3', '3'),
(28, 'A1J014053', 28, '690', 'semprop', 'lulus', 'Dr.M.Ilham Abdullah,M.Pd', '195911101989031004', '3', '3', '3', '3', '3', '3', '3', '3', '3', '3'),
(29, 'A1J014063', 29, '694', 'semprop', 'lulus', 'Drs. Agus Zainal Rachmat.M.Pd', '195804071985031001', '3', '3', '3', '3', '3', '3', '3', '3', '3', '3'),
(30, 'A1J014040', 30, '688', 'semprop', 'lulus', 'Dr.M.Ilham Abdullah,M.Pd', '195911101989031004', '3', '3', '3', '3', '3', '3', '3', '3', '3', '3'),
(31, 'A1J014030', 31, '680', 'semprop', 'lulus', 'Drs. Agus Zainal Rachmat.M.Pd', '195804071985031001', '3', '3', '3', '3', '3', '3', '3', '3', '3', '3'),
(32, 'A1J014047', 32, '686', 'semprop', 'lulus', 'Drs. Agus Zainal Rachmat.M.Pd', '195804071985031001', '3', '3', '3', '3', '3', '3', '3', '3', '3', '3'),
(33, 'A1J014033', 33, '668', 'semprop', 'lulus', 'Drs. Rufran Zulkarnain,M.Pd', '195910051985031006', '3', '3', '3', '3', '3', '3', '3', '3', '3', '3'),
(34, 'A1J014072', 34, '662', 'semprop', 'lulus', 'Drs. Wahiruddin Wadin, M.Pd', '195506161985031001', '3', '3', '3', '3', '3', '3', '3', '3', '3', '3'),
(35, 'A1J014066', 35, '692', 'semprop', 'lulus', 'Drs.Rizkan,M.Pd', '195511021982031006', '3', '3', '3', '3', '3', '3', '3', '3', '3', '3'),
(36, 'A1J014015', 36, '664', 'semprop', 'lulus', 'Drs.Rizkan,M.Pd', '195511021982031006', '3', '3', '3', '3', '3', '3', '3', '3', '3', '3'),
(37, 'A1J014048', 37, '656', 'semprop', 'lulus', 'Drs. Wahiruddin Wadin, M.Pd', '195506161985031001', '3', '3', '3', '3', '3', '3', '3', '3', '3', '3'),
(38, 'A1J014050', 38, '680', 'semprop', 'lulus', 'Drs. Wahiruddin Wadin, M.Pd', '195506161985031001', '3', '3', '3', '3', '3', '3', '3', '3', '3', '3'),
(39, 'A1J014037', 39, '658', 'semprop', 'lulus', 'Drs. Rufran Zulkarnain,M.Pd', '195910051985031006', '3', '3', '3', '3', '3', '3', '3', '3', '3', '3'),
(40, 'A1J014007', 40, '658', 'semprop', 'lulus', 'Drs.Rizkan,M.Pd', '195511021982031006', '3', '3', '3', '3', '3', '3', '3', '3', '3', '3'),
(41, 'A1J014056', 41, '696', 'semprop', 'lulus', 'Drs. Agus Zainal Rachmat.M.Pd', '195804071985031001', '3', '3', '3', '3', '3', '3', '3', '3', '3', '3'),
(42, 'A1J014045', 42, '696', 'semprop', 'lulus', 'Dr.M.Ilham Abdullah,M.Pd', '195911101989031004', '3', '3', '3', '3', '3', '3', '3', '3', '3', '3'),
(43, 'A1J014058', 43, '640', 'semprop', 'lulus', 'Dr.M.Ilham Abdullah,M.Pd', '195911101989031004', '3', '3', '3', '3', '3', '3', '3', '3', '3', '3'),
(44, 'A1J014019', 44, '640', 'semprop', 'lulus', 'Drs. Agus Zainal Rachmat.M.Pd', '195804071985031001', '3', '3', '3', '3', '3', '3', '3', '3', '3', '3'),
(45, 'A1J015037', 45, '656', 'semprop', 'lulus', 'Dr.M.Ilham Abdullah,M.Pd', '195911101989031004', '3', '3', '3', '3', '3', '3', '3', '3', '3', '3'),
(46, 'A1J014064', 46, '616', 'semprop', 'lulus', 'Drs. Wahiruddin Wadin, M.Pd', '195506161985031001', '3', '3', '3', '3', '3', '3', '3', '3', '3', '3'),
(47, 'A1J015023', 47, '688', 'semprop', 'lulus', 'Drs. Rufran Zulkarnain,M.Pd', '195910051985031006', '3', '3', '3', '3', '3', '3', '3', '3', '3', '3'),
(48, 'A1J014065', 48, '612', 'semprop', 'lulus', 'Drs.Rizkan,M.Pd', '195511021982031006', '3', '3', '3', '3', '3', '3', '3', '3', '3', '3'),
(49, 'A1J014059', 49, '628', 'semprop', 'lulus', 'Drs.Rizkan,M.Pd', '195511021982031006', '3', '3', '3', '3', '3', '3', '3', '3', '3', '3'),
(50, 'A1J015031', 50, '688', 'semprop', 'lulus', 'Drs.Rizkan,M.Pd', '195511021982031006', '3', '3', '3', '3', '3', '3', '3', '3', '3', '3'),
(51, 'A1J014055', 51, '624', 'semprop', 'lulus', 'Drs. Agus Zainal Rachmat.M.Pd', '195804071985031001', '3', '3', '3', '3', '3', '3', '3', '3', '3', '3'),
(52, 'A1J013064', 52, '698', 'semprop', 'lulus', 'Drs. Agus Zainal Rachmat.M.Pd', '195804071985031001', '3', '3', '3', '3', '3', '3', '3', '3', '3', '3'),
(53, 'A1J015024', 53, '700', 'semprop', 'lulus', 'Drs. Wahiruddin Wadin, M.Pd', '195506161985031001', '3', '3', '3', '3', '3', '3', '3', '3', '3', '3'),
(54, 'A1J015020', 54, '698', 'semprop', 'lulus', 'Drs. Agus Zainal Rachmat.M.Pd', '195804071985031001', '3', '3', '3', '3', '3', '3', '3', '3', '3', '3'),
(55, 'A1J015030', 55, '656', 'semprop', 'lulus', 'Drs. Wahiruddin Wadin, M.Pd', '195506161985031001', '3', '3', '3', '3', '3', '3', '3', '3', '3', '3'),
(56, 'A1J015021', 56, '668', 'semprop', 'lulus', 'Drs. Wahiruddin Wadin, M.Pd', '195506161985031001', '3', '3', '3', '3', '3', '3', '3', '3', '3', '3'),
(57, 'A1J015005', 57, '696', 'semprop', 'lulus', 'Dr.M.Ilham Abdullah,M.Pd', '195911101989031004', '3', '3', '3', '3', '3', '3', '3', '3', '3', '3'),
(58, 'A1J014010', 58, '624', 'semprop', 'lulus', 'Dr.M.Ilham Abdullah,M.Pd', '195911101989031004', '3', '3', '3', '3', '3', '3', '3', '3', '3', '3'),
(59, 'A1J014031', 59, '628', 'semprop', 'lulus', 'Drs. Agus Zainal Rachmat.M.Pd', '195804071985031001', '3', '3', '3', '3', '3', '3', '3', '3', '3', '3'),
(60, 'A1J015018', 60, '664', 'semprop', 'lulus', 'Drs.Rizkan,M.Pd', '195511021982031006', '3', '3', '3', '3', '3', '3', '3', '3', '3', '3'),
(61, 'A1J015011', 61, '694', 'semprop', 'lulus', 'Dr.M.Ilham Abdullah,M.Pd', '195911101989031004', '3', '3', '3', '3', '3', '3', '3', '3', '3', '3'),
(62, 'A1J014039', 62, '624', 'semprop', 'lulus', 'Drs.Rizkan,M.Pd', '195511021982031006', '3', '3', '3', '3', '3', '3', '3', '3', '3', '3'),
(63, 'A1J015025', 63, '624', 'semprop', 'lulus', 'Drs. Agus Zainal Rachmat.M.Pd', '195804071985031001', '3', '3', '3', '3', '3', '3', '3', '3', '3', '3'),
(64, 'A1J015032', 64, '702', 'semprop', 'lulus', 'Drs. Rufran Zulkarnain,M.Pd', '195910051985031006', '3', '3', '3', '3', '3', '3', '3', '3', '3', '3'),
(65, 'A1J015007', 65, '678', 'semprop', 'lulus', 'Drs. Rufran Zulkarnain,M.Pd', '195910051985031006', '3', '3', '3', '3', '3', '3', '3', '3', '3', '3'),
(66, 'A1J015019', 66, '698', 'semprop', 'lulus', 'Drs. Agus Zainal Rachmat.M.Pd', '195804071985031001', '3', '3', '3', '3', '3', '3', '3', '3', '3', '3'),
(67, 'A1J014038', 1, '794,25', 'semhas', 'lulus', 'Drs. Rufran Zulkarnain,M.Pd', '195910051985031006', '3', '3', '3', '3', '3', '3', '3', '3', '3', '3'),
(68, 'A1J014034', 2, '812,25', 'semhas', 'lulus', 'Drs. Rufran Zulkarnain,M.Pd', '195910051985031006', '3', '3', '3', '3', '3', '3', '3', '3', '3', '3'),
(69, 'A1J014003', 3, '798,75', 'semhas', 'lulus', 'Drs.Rizkan,M.Pd', '195511021982031006', '3', '3', '3', '3', '3', '3', '3', '3', '3', '3'),
(70, 'A1J014028', 4, '792', 'semhas', 'lulus', 'Drs. Rufran Zulkarnain,M.Pd', '195910051985031006', '3', '3', '3', '3', '3', '3', '3', '3', '3', '3'),
(71, 'A1J014032', 5, '794,25', 'semhas', 'lulus', 'Drs. Rufran Zulkarnain,M.Pd', '195910051985031006', '3', '3', '3', '3', '3', '3', '3', '3', '3', '3'),
(72, 'A1J014001', 6, '769,5', 'semhas', 'lulus', 'Dr.M.Ilham Abdullah,M.Pd', '195911101989031004', '3', '3', '3', '3', '3', '3', '3', '3', '3', '3'),
(73, 'A1J014049', 7, '767,25', 'semhas', 'lulus', 'Dr.M.Ilham Abdullah,M.Pd', '195911101989031004', '3', '3', '3', '3', '3', '3', '3', '3', '3', '3'),
(74, 'A1J014073', 8, '798,75', 'semhas', 'lulus', 'Dr.M.Ilham Abdullah,M.Pd', '195911101989031004', '3', '3', '3', '3', '3', '3', '3', '3', '3', '3'),
(75, 'A1J014070', 9, '778,5', 'semhas', 'lulus', 'Drs. Rufran Zulkarnain,M.Pd', '195910051985031006', '3', '3', '3', '3', '3', '3', '3', '3', '3', '3'),
(76, 'A1J014029', 10, '785,25', 'semhas', 'lulus', 'Drs. Rufran Zulkarnain,M.Pd', '195910051985031006', '3', '3', '3', '3', '3', '3', '3', '3', '3', '3'),
(77, 'A1J014002', 11, '783', 'semhas', 'lulus', 'Drs.Rizkan,M.Pd', '195511021982031006', '3', '3', '3', '3', '3', '3', '3', '3', '3', '3'),
(78, 'A1J014062', 12, '724,5', 'semhas', 'lulus', 'Drs.Rizkan,M.Pd', '195511021982031006', '3', '3', '3', '3', '3', '3', '3', '3', '3', '3'),
(79, 'A1J014052', 13, '877,5', 'semhas', 'lulus', 'Dr.M.Ilham Abdullah,M.Pd', '195911101989031004', '3', '3', '3', '3', '3', '3', '3', '3', '3', '3'),
(80, 'A1J014044', 14, '765', 'semhas', 'lulus', 'Drs.Rizkan,M.Pd', '195511021982031006', '3', '3', '3', '3', '3', '3', '3', '3', '3', '3'),
(81, 'A1J014036', 15, '711', 'semhas', 'lulus', 'Drs.Rizkan,M.Pd', '195511021982031006', '3', '3', '3', '3', '3', '3', '3', '3', '3', '3'),
(82, 'A1J014008', 16, '767,25', 'semhas', 'lulus', 'Drs. Wahiruddin Wadin, M.Pd', '195506161985031001', '3', '3', '3', '3', '3', '3', '3', '3', '3', '3'),
(83, 'A1J014057', 17, '708,75', 'semhas', 'lulus', 'Drs. Wahiruddin Wadin, M.Pd', '195506161985031001', '3', '3', '3', '3', '3', '3', '3', '3', '3', '3'),
(84, 'A1J014004', 18, '765', 'semhas', 'lulus', 'Dr.M.Ilham Abdullah,M.Pd', '195911101989031004', '3', '3', '3', '3', '3', '3', '3', '3', '3', '3'),
(85, 'A1J014025', 19, '765', 'semhas', 'lulus', 'Drs. Wahiruddin Wadin, M.Pd', '195506161985031001', '3', '3', '3', '3', '3', '3', '3', '3', '3', '3'),
(86, 'A1J014023', 20, '735,75', 'semhas', 'lulus', 'Dr.M.Ilham Abdullah,M.Pd', '195911101989031004', '3', '3', '3', '3', '3', '3', '3', '3', '3', '3'),
(87, 'A1J014022', 21, '776,25', 'semhas', 'lulus', 'Dr.M.Ilham Abdullah,M.Pd', '195911101989031004', '3', '3', '3', '3', '3', '3', '3', '3', '3', '3'),
(88, 'A1J014041', 22, '767,25', 'semhas', 'lulus', 'Drs. Wahiruddin Wadin, M.Pd', '195506161985031001', '3', '3', '3', '3', '3', '3', '3', '3', '3', '3'),
(89, 'A1J014012', 23, '767,25', 'semhas', 'lulus', 'Drs. Agus Zainal Rachmat.M.Pd', '195804071985031001', '3', '3', '3', '3', '3', '3', '3', '3', '3', '3'),
(90, 'A1J014051', 24, '776,25', 'semhas', 'lulus', 'Dr.M.Ilham Abdullah,M.Pd', '195911101989031004', '3', '3', '3', '3', '3', '3', '3', '3', '3', '3'),
(91, 'A1J014011', 25, '735,75', 'semhas', 'lulus', 'Drs. Agus Zainal Rachmat.M.Pd', '195804071985031001', '3', '3', '3', '3', '3', '3', '3', '3', '3', '3'),
(92, 'A1J014035', 26, '776,25', 'semhas', 'lulus', 'Drs.Rizkan,M.Pd', '195511021982031006', '3', '3', '3', '3', '3', '3', '3', '3', '3', '3'),
(93, 'A1J014005', 27, '778,5', 'semhas', 'lulus', 'Dr.M.Ilham Abdullah,M.Pd', '195911101989031004', '3', '3', '3', '3', '3', '3', '3', '3', '3', '3'),
(94, 'A1J014053', 28, '776,25', 'semhas', 'lulus', 'Dr.M.Ilham Abdullah,M.Pd', '195911101989031004', '3', '3', '3', '3', '3', '3', '3', '3', '3', '3'),
(95, 'A1J014063', 29, '780,75', 'semhas', 'lulus', 'Drs. Agus Zainal Rachmat.M.Pd', '195804071985031001', '3', '3', '3', '3', '3', '3', '3', '3', '3', '3'),
(96, 'A1J014040', 30, '774', 'semhas', 'lulus', 'Dr.M.Ilham Abdullah,M.Pd', '195911101989031004', '3', '3', '3', '3', '3', '3', '3', '3', '3', '3'),
(97, 'A1J014030', 31, '765', 'semhas', 'lulus', 'Drs. Agus Zainal Rachmat.M.Pd', '195804071985031001', '3', '3', '3', '3', '3', '3', '3', '3', '3', '3'),
(98, 'A1J014047', 32, '771,75', 'semhas', 'lulus', 'Drs. Agus Zainal Rachmat.M.Pd', '195804071985031001', '3', '3', '3', '3', '3', '3', '3', '3', '3', '3'),
(99, 'A1J014033', 33, '751,5', 'semhas', 'lulus', 'Drs. Rufran Zulkarnain,M.Pd', '195910051985031006', '3', '3', '3', '3', '3', '3', '3', '3', '3', '3'),
(100, 'A1J014072', 34, '744,75', 'semhas', 'lulus', 'Drs. Wahiruddin Wadin, M.Pd', '195506161985031001', '3', '3', '3', '3', '3', '3', '3', '3', '3', '3'),
(101, 'A1J014066', 35, '778,5', 'semhas', 'lulus', 'Drs.Rizkan,M.Pd', '195511021982031006', '3', '3', '3', '3', '3', '3', '3', '3', '3', '3'),
(102, 'A1J014015', 36, '747', 'semhas', 'lulus', 'Drs.Rizkan,M.Pd', '195511021982031006', '3', '3', '3', '3', '3', '3', '3', '3', '3', '3'),
(103, 'A1J014048', 37, '738', 'semhas', 'lulus', 'Drs. Wahiruddin Wadin, M.Pd', '195506161985031001', '3', '3', '3', '3', '3', '3', '3', '3', '3', '3'),
(104, 'A1J014050', 38, '765', 'semhas', 'lulus', 'Drs. Wahiruddin Wadin, M.Pd', '195506161985031001', '3', '3', '3', '3', '3', '3', '3', '3', '3', '3'),
(105, 'A1J014037', 39, '740,25', 'semhas', 'lulus', 'Drs. Rufran Zulkarnain,M.Pd', '195910051985031006', '3', '3', '3', '3', '3', '3', '3', '3', '3', '3'),
(106, 'A1J014007', 40, '740,25', 'semhas', 'lulus', 'Drs.Rizkan,M.Pd', '195511021982031006', '3', '3', '3', '3', '3', '3', '3', '3', '3', '3'),
(107, 'A1J014056', 41, '783', 'semhas', 'lulus', 'Drs. Agus Zainal Rachmat.M.Pd', '195804071985031001', '3', '3', '3', '3', '3', '3', '3', '3', '3', '3'),
(108, 'A1J014045', 42, '783', 'semhas', 'lulus', 'Dr.M.Ilham Abdullah,M.Pd', '195911101989031004', '3', '3', '3', '3', '3', '3', '3', '3', '3', '3'),
(109, 'A1J014058', 43, '720', 'semhas', 'lulus', 'Dr.M.Ilham Abdullah,M.Pd', '195911101989031004', '3', '3', '3', '3', '3', '3', '3', '3', '3', '3'),
(110, 'A1J014019', 44, '720', 'semhas', 'lulus', 'Drs. Agus Zainal Rachmat.M.Pd', '195804071985031001', '3', '3', '3', '3', '3', '3', '3', '3', '3', '3'),
(111, 'A1J015037', 45, '738', 'semhas', 'lulus', 'Dr.M.Ilham Abdullah,M.Pd', '195911101989031004', '3', '3', '3', '3', '3', '3', '3', '3', '3', '3'),
(112, 'A1J014064', 46, '693', 'semhas', 'lulus', 'Drs. Wahiruddin Wadin, M.Pd', '195506161985031001', '3', '3', '3', '3', '3', '3', '3', '3', '3', '3'),
(113, 'A1J015023', 47, '774', 'semhas', 'lulus', 'Drs. Rufran Zulkarnain,M.Pd', '195910051985031006', '3', '3', '3', '3', '3', '3', '3', '3', '3', '3'),
(114, 'A1J014065', 48, '688,5', 'semhas', 'lulus', 'Drs.Rizkan,M.Pd', '195511021982031006', '3', '3', '3', '3', '3', '3', '3', '3', '3', '3'),
(115, 'A1J014059', 49, '706,5', 'semhas', 'lulus', 'Drs.Rizkan,M.Pd', '195511021982031006', '3', '3', '3', '3', '3', '3', '3', '3', '3', '3'),
(116, 'A1J015031', 50, '774', 'semhas', 'lulus', 'Drs.Rizkan,M.Pd', '195511021982031006', '3', '3', '3', '3', '3', '3', '3', '3', '3', '3'),
(117, 'A1J014055', 51, '702', 'semhas', 'lulus', 'Drs. Agus Zainal Rachmat.M.Pd', '195804071985031001', '3', '3', '3', '3', '3', '3', '3', '3', '3', '3'),
(118, 'A1J013064', 52, '785,25', 'semhas', 'lulus', 'Drs. Agus Zainal Rachmat.M.Pd', '195804071985031001', '3', '3', '3', '3', '3', '3', '3', '3', '3', '3'),
(119, 'A1J015024', 53, '787,5', 'semhas', 'lulus', 'Drs. Wahiruddin Wadin, M.Pd', '195506161985031001', '3', '3', '3', '3', '3', '3', '3', '3', '3', '3'),
(120, 'A1J015020', 54, '785,25', 'semhas', 'lulus', 'Drs. Agus Zainal Rachmat.M.Pd', '195804071985031001', '3', '3', '3', '3', '3', '3', '3', '3', '3', '3'),
(121, 'A1J015030', 55, '738', 'semhas', 'lulus', 'Drs. Wahiruddin Wadin, M.Pd', '195506161985031001', '3', '3', '3', '3', '3', '3', '3', '3', '3', '3'),
(122, 'A1J015021', 56, '751,5', 'semhas', 'lulus', 'Drs. Wahiruddin Wadin, M.Pd', '195506161985031001', '3', '3', '3', '3', '3', '3', '3', '3', '3', '3'),
(123, 'A1J015005', 57, '783', 'semhas', 'lulus', 'Dr.M.Ilham Abdullah,M.Pd', '195911101989031004', '3', '3', '3', '3', '3', '3', '3', '3', '3', '3'),
(124, 'A1J014010', 58, '702', 'semhas', 'lulus', 'Dr.M.Ilham Abdullah,M.Pd', '195911101989031004', '3', '3', '3', '3', '3', '3', '3', '3', '3', '3'),
(125, 'A1J014031', 59, '706,5', 'semhas', 'lulus', 'Drs. Agus Zainal Rachmat.M.Pd', '195804071985031001', '3', '3', '3', '3', '3', '3', '3', '3', '3', '3'),
(126, 'A1J015018', 60, '747', 'semhas', 'lulus', 'Drs.Rizkan,M.Pd', '195511021982031006', '3', '3', '3', '3', '3', '3', '3', '3', '3', '3'),
(127, 'A1J015011', 61, '780,75', 'semhas', 'lulus', 'Dr.M.Ilham Abdullah,M.Pd', '195911101989031004', '3', '3', '3', '3', '3', '3', '3', '3', '3', '3'),
(128, 'A1J014039', 62, '702', 'semhas', 'lulus', 'Drs.Rizkan,M.Pd', '195511021982031006', '3', '3', '3', '3', '3', '3', '3', '3', '3', '3'),
(129, 'A1J015025', 63, '702', 'semhas', 'lulus', 'Drs. Agus Zainal Rachmat.M.Pd', '195804071985031001', '3', '3', '3', '3', '3', '3', '3', '3', '3', '3'),
(130, 'A1J015032', 64, '789,75', 'semhas', 'lulus', 'Drs. Rufran Zulkarnain,M.Pd', '195910051985031006', '3', '3', '3', '3', '3', '3', '3', '3', '3', '3'),
(131, 'A1J015007', 65, '762,75', 'semhas', 'lulus', 'Drs. Rufran Zulkarnain,M.Pd', '195910051985031006', '3', '3', '3', '3', '3', '3', '3', '3', '3', '3'),
(132, 'A1J015019', 66, '785,25', 'semhas', 'lulus', 'Drs. Agus Zainal Rachmat.M.Pd', '195804071985031001', '3', '3', '3', '3', '3', '3', '3', '3', '3', '3'),
(133, 'A1J014038', 1, '882,5', 'sidang', 'lulus', 'Drs. Rufran Zulkarnain,M.Pd', '195910051985031006', '3', '3', '3', '3', '3', '3', '3', '3', '3', '3'),
(134, 'A1J014034', 2, '902,5', 'sidang', 'lulus', 'Drs. Rufran Zulkarnain,M.Pd', '195910051985031006', '3', '3', '3', '3', '3', '3', '3', '3', '3', '3'),
(135, 'A1J014003', 3, '887,5', 'sidang', 'lulus', 'Drs.Rizkan,M.Pd', '195511021982031006', '', '', '', '', '', '', '', '', '', ''),
(136, 'A1J014028', 4, '880', 'sidang', 'lulus', 'Drs. Rufran Zulkarnain,M.Pd', '195910051985031006', '', '', '', '', '', '', '', '', '', ''),
(137, 'A1J014032', 5, '882,5', 'sidang', 'lulus', 'Drs. Rufran Zulkarnain,M.Pd', '195910051985031006', '', '', '', '', '', '', '', '', '', ''),
(138, 'A1J014001', 6, '855', 'sidang', 'lulus', 'Dr.M.Ilham Abdullah,M.Pd', '195911101989031004', '', '', '', '', '', '', '', '', '', ''),
(139, 'A1J014049', 7, '852,5', 'sidang', 'lulus', 'Dr.M.Ilham Abdullah,M.Pd', '195911101989031004', '', '', '', '', '', '', '', '', '', ''),
(140, 'A1J014073', 8, '887,5', 'sidang', 'lulus', 'Dr.M.Ilham Abdullah,M.Pd', '195911101989031004', '', '', '', '', '', '', '', '', '', ''),
(141, 'A1J014070', 9, '865', 'sidang', 'lulus', 'Drs. Rufran Zulkarnain,M.Pd', '195910051985031006', '', '', '', '', '', '', '', '', '', ''),
(142, 'A1J014029', 10, '872,5', 'sidang', 'lulus', 'Drs. Rufran Zulkarnain,M.Pd', '195910051985031006', '', '', '', '', '', '', '', '', '', ''),
(143, 'A1J014002', 11, '870', 'sidang', 'lulus', 'Drs.Rizkan,M.Pd', '195511021982031006', '', '', '', '', '', '', '', '', '', ''),
(144, 'A1J014062', 12, '805', 'sidang', 'lulus', 'Drs.Rizkan,M.Pd', '195511021982031006', '', '', '', '', '', '', '', '', '', ''),
(145, 'A1J014052', 13, '975', 'sidang', 'lulus', 'Dr.M.Ilham Abdullah,M.Pd', '195911101989031004', '', '', '', '', '', '', '', '', '', ''),
(146, 'A1J014044', 14, '850', 'sidang', 'lulus', 'Drs.Rizkan,M.Pd', '195511021982031006', '', '', '', '', '', '', '', '', '', ''),
(147, 'A1J014036', 15, '790', 'sidang', 'lulus', 'Drs.Rizkan,M.Pd', '195511021982031006', '', '', '', '', '', '', '', '', '', ''),
(148, 'A1J014008', 16, '852,5', 'sidang', 'lulus', 'Drs. Wahiruddin Wadin, M.Pd', '195506161985031001', '', '', '', '', '', '', '', '', '', ''),
(149, 'A1J014057', 17, '787,5', 'sidang', 'lulus', 'Drs. Wahiruddin Wadin, M.Pd', '195506161985031001', '', '', '', '', '', '', '', '', '', ''),
(150, 'A1J014004', 18, '850', 'sidang', 'lulus', 'Dr.M.Ilham Abdullah,M.Pd', '195911101989031004', '', '', '', '', '', '', '', '', '', ''),
(151, 'A1J014025', 19, '850', 'sidang', 'lulus', 'Drs. Wahiruddin Wadin, M.Pd', '195506161985031001', '', '', '', '', '', '', '', '', '', ''),
(152, 'A1J014023', 20, '817,5', 'sidang', 'lulus', 'Dr.M.Ilham Abdullah,M.Pd', '195911101989031004', '', '', '', '', '', '', '', '', '', ''),
(153, 'A1J014022', 21, '862,5', 'sidang', 'lulus', 'Dr.M.Ilham Abdullah,M.Pd', '195911101989031004', '', '', '', '', '', '', '', '', '', ''),
(154, 'A1J014041', 22, '852,5', 'sidang', 'lulus', 'Drs. Wahiruddin Wadin, M.Pd', '195506161985031001', '', '', '', '', '', '', '', '', '', ''),
(155, 'A1J014012', 23, '852,5', 'sidang', 'lulus', 'Drs. Agus Zainal Rachmat.M.Pd', '195804071985031001', '', '', '', '', '', '', '', '', '', ''),
(156, 'A1J014051', 24, '862,5', 'sidang', 'lulus', 'Dr.M.Ilham Abdullah,M.Pd', '195911101989031004', '', '', '', '', '', '', '', '', '', ''),
(157, 'A1J014011', 25, '817,5', 'sidang', 'lulus', 'Drs. Agus Zainal Rachmat.M.Pd', '195804071985031001', '', '', '', '', '', '', '', '', '', ''),
(158, 'A1J014035', 26, '862,5', 'sidang', 'lulus', 'Drs.Rizkan,M.Pd', '195511021982031006', '', '', '', '', '', '', '', '', '', ''),
(159, 'A1J014005', 27, '865', 'sidang', 'lulus', 'Dr.M.Ilham Abdullah,M.Pd', '195911101989031004', '', '', '', '', '', '', '', '', '', ''),
(160, 'A1J014053', 28, '862,5', 'sidang', 'lulus', 'Dr.M.Ilham Abdullah,M.Pd', '195911101989031004', '', '', '', '', '', '', '', '', '', ''),
(161, 'A1J014063', 29, '867,5', 'sidang', 'lulus', 'Drs. Agus Zainal Rachmat.M.Pd', '195804071985031001', '', '', '', '', '', '', '', '', '', ''),
(162, 'A1J014040', 30, '860', 'sidang', 'lulus', 'Dr.M.Ilham Abdullah,M.Pd', '195911101989031004', '', '', '', '', '', '', '', '', '', ''),
(163, 'A1J014030', 31, '850', 'sidang', 'lulus', 'Drs. Agus Zainal Rachmat.M.Pd', '195804071985031001', '', '', '', '', '', '', '', '', '', ''),
(164, 'A1J014047', 32, '857,5', 'sidang', 'lulus', 'Drs. Agus Zainal Rachmat.M.Pd', '195804071985031001', '', '', '', '', '', '', '', '', '', ''),
(165, 'A1J014033', 33, '835', 'sidang', 'lulus', 'Drs. Rufran Zulkarnain,M.Pd', '195910051985031006', '', '', '', '', '', '', '', '', '', ''),
(166, 'A1J014072', 34, '827,5', 'sidang', 'lulus', 'Drs. Wahiruddin Wadin, M.Pd', '195506161985031001', '', '', '', '', '', '', '', '', '', ''),
(167, 'A1J014066', 35, '865', 'sidang', 'lulus', 'Drs.Rizkan,M.Pd', '195511021982031006', '', '', '', '', '', '', '', '', '', ''),
(168, 'A1J014015', 36, '830', 'sidang', 'lulus', 'Drs.Rizkan,M.Pd', '195511021982031006', '', '', '', '', '', '', '', '', '', ''),
(169, 'A1J014048', 37, '820', 'sidang', 'lulus', 'Drs. Wahiruddin Wadin, M.Pd', '195506161985031001', '', '', '', '', '', '', '', '', '', ''),
(170, 'A1J014050', 38, '850', 'sidang', 'lulus', 'Drs. Wahiruddin Wadin, M.Pd', '195506161985031001', '', '', '', '', '', '', '', '', '', ''),
(171, 'A1J014037', 39, '822,5', 'sidang', 'lulus', 'Drs. Rufran Zulkarnain,M.Pd', '195910051985031006', '', '', '', '', '', '', '', '', '', ''),
(172, 'A1J014007', 40, '822,5', 'sidang', 'lulus', 'Drs.Rizkan,M.Pd', '195511021982031006', '', '', '', '', '', '', '', '', '', ''),
(173, 'A1J014056', 41, '870', 'sidang', 'lulus', 'Drs. Agus Zainal Rachmat.M.Pd', '195804071985031001', '', '', '', '', '', '', '', '', '', ''),
(174, 'A1J014045', 42, '870', 'sidang', 'lulus', 'Dr.M.Ilham Abdullah,M.Pd', '195911101989031004', '', '', '', '', '', '', '', '', '', ''),
(175, 'A1J014058', 43, '800', 'sidang', 'lulus', 'Dr.M.Ilham Abdullah,M.Pd', '195911101989031004', '', '', '', '', '', '', '', '', '', ''),
(176, 'A1J014019', 44, '800', 'sidang', 'lulus', 'Drs. Agus Zainal Rachmat.M.Pd', '195804071985031001', '', '', '', '', '', '', '', '', '', ''),
(177, 'A1J015037', 45, '820', 'sidang', 'lulus', 'Dr.M.Ilham Abdullah,M.Pd', '195911101989031004', '', '', '', '', '', '', '', '', '', ''),
(178, 'A1J014064', 46, '770', 'sidang', 'lulus', 'Drs. Wahiruddin Wadin, M.Pd', '195506161985031001', '', '', '', '', '', '', '', '', '', ''),
(179, 'A1J015023', 47, '860', 'sidang', 'lulus', 'Drs. Rufran Zulkarnain,M.Pd', '195910051985031006', '', '', '', '', '', '', '', '', '', ''),
(180, 'A1J014065', 48, '765', 'sidang', 'lulus', 'Drs.Rizkan,M.Pd', '195511021982031006', '', '', '', '', '', '', '', '', '', ''),
(181, 'A1J014059', 49, '785', 'sidang', 'lulus', 'Drs.Rizkan,M.Pd', '195511021982031006', '', '', '', '', '', '', '', '', '', ''),
(182, 'A1J015031', 50, '860', 'sidang', 'lulus', 'Drs.Rizkan,M.Pd', '195511021982031006', '', '', '', '', '', '', '', '', '', ''),
(183, 'A1J014055', 51, '780', 'sidang', 'lulus', 'Drs. Agus Zainal Rachmat.M.Pd', '195804071985031001', '', '', '', '', '', '', '', '', '', ''),
(184, 'A1J013064', 52, '872,5', 'sidang', 'lulus', 'Drs. Agus Zainal Rachmat.M.Pd', '195804071985031001', '', '', '', '', '', '', '', '', '', ''),
(185, 'A1J015024', 53, '875', 'sidang', 'lulus', 'Drs. Wahiruddin Wadin, M.Pd', '195506161985031001', '', '', '', '', '', '', '', '', '', ''),
(186, 'A1J015020', 54, '872,5', 'sidang', 'lulus', 'Drs. Agus Zainal Rachmat.M.Pd', '195804071985031001', '', '', '', '', '', '', '', '', '', ''),
(187, 'A1J015030', 55, '820', 'sidang', 'lulus', 'Drs. Wahiruddin Wadin, M.Pd', '195506161985031001', '', '', '', '', '', '', '', '', '', ''),
(188, 'A1J015021', 56, '835', 'sidang', 'lulus', 'Drs. Wahiruddin Wadin, M.Pd', '195506161985031001', '', '', '', '', '', '', '', '', '', ''),
(189, 'A1J015005', 57, '870', 'sidang', 'lulus', 'Dr.M.Ilham Abdullah,M.Pd', '195911101989031004', '', '', '', '', '', '', '', '', '', ''),
(190, 'A1J014010', 58, '780', 'sidang', 'lulus', 'Dr.M.Ilham Abdullah,M.Pd', '195911101989031004', '', '', '', '', '', '', '', '', '', ''),
(191, 'A1J014031', 59, '785', 'sidang', 'lulus', 'Drs. Agus Zainal Rachmat.M.Pd', '195804071985031001', '', '', '', '', '', '', '', '', '', ''),
(192, 'A1J015018', 60, '830', 'sidang', 'lulus', 'Drs.Rizkan,M.Pd', '195511021982031006', '', '', '', '', '', '', '', '', '', ''),
(193, 'A1J015011', 61, '867,5', 'sidang', 'lulus', 'Dr.M.Ilham Abdullah,M.Pd', '195911101989031004', '', '', '', '', '', '', '', '', '', ''),
(194, 'A1J014039', 62, '780', 'sidang', 'lulus', 'Drs.Rizkan,M.Pd', '195511021982031006', '', '', '', '', '', '', '', '', '', ''),
(195, 'A1J015025', 63, '780', 'sidang', 'lulus', 'Drs. Agus Zainal Rachmat.M.Pd', '195804071985031001', '', '', '', '', '', '', '', '', '', ''),
(196, 'A1J015032', 64, '877,5', 'sidang', 'lulus', 'Drs. Rufran Zulkarnain,M.Pd', '195910051985031006', '', '', '', '', '', '', '', '', '', ''),
(197, 'A1J015007', 65, '847,5', 'sidang', 'lulus', 'Drs. Rufran Zulkarnain,M.Pd', '195910051985031006', '', '', '', '', '', '', '', '', '', ''),
(198, 'A1J015019', 66, '872,5', 'sidang', 'lulus', 'Drs. Agus Zainal Rachmat.M.Pd', '195804071985031001', '', '', '', '', '', '', '', '', '', ''),
(199, 'A1J014038', 1, '706', 'semprop', 'lulus', 'Drs. Sofino, M.Pd', '196211121988031001', '3', '3', '3', '3', '3', '3', '3', '3', '3', '3'),
(200, 'A1J014034', 2, '722', 'semprop', 'lulus', 'Ririn Gusti, M.Pd.I  ', '198808312014042001', '3', '3', '3', '3', '3', '3', '3', '3', '3', '3'),
(201, 'A1J014003', 3, '710', 'semprop', 'lulus', 'Drs. Suardi Jasma,M.Pd', '195711281986031004', '3', '3', '3', '3', '3', '3', '3', '3', '3', '3'),
(202, 'A1J014028', 4, '704', 'semprop', 'lulus', 'Drs. Suardi Jasma,M.Pd', '195711281986031004', '3', '3', '3', '3', '3', '3', '3', '3', '3', '3'),
(203, 'A1J014032', 5, '706', 'semprop', 'lulus', 'Drs. Parlan, M.Pd', '195812191984031002', '3', '3', '3', '3', '3', '3', '3', '3', '3', '3'),
(204, 'A1J014001', 6, '684', 'semprop', 'lulus', 'Drs. Sofino, M.Pd', '196211121988031001', '3', '3', '3', '3', '3', '3', '3', '3', '3', '3'),
(205, 'A1J014049', 7, '682', 'semprop', 'lulus', 'Drs. Muhammad Izzudin, M.Pd', '195401221986091001', '3', '3', '3', '3', '3', '3', '3', '3', '3', '3'),
(206, 'A1J014073', 8, '710', 'semprop', 'lulus', 'Drs. Sofino, M.Pd', '196211121988031001', '3', '3', '3', '3', '3', '3', '3', '3', '3', '3'),
(207, 'A1J014070', 9, '692', 'semprop', 'lulus', 'Drs. Muhammad Izzudin, M.Pd', '195401221986091001', '3', '3', '3', '3', '3', '3', '3', '3', '3', '3'),
(208, 'A1J014029', 10, '698', 'semprop', 'lulus', 'Ririn Gusti, M.Pd.I  ', '198808312014042001', '3', '3', '3', '3', '3', '3', '3', '3', '3', '3'),
(209, 'A1J014002', 11, '696', 'semprop', 'lulus', 'Drs. Sofino, M.Pd', '196211121988031001', '3', '3', '3', '3', '3', '3', '3', '3', '3', '3'),
(210, 'A1J014062', 12, '644', 'semprop', 'lulus', 'Drs. Suardi Jasma,M.Pd', '195711281986031004', '3', '3', '3', '3', '3', '3', '3', '3', '3', '3'),
(211, 'A1J014052', 13, '780', 'semprop', 'lulus', 'Drs. Suardi Jasma,M.Pd', '195711281986031004', '3', '3', '3', '3', '3', '3', '3', '3', '3', '3'),
(212, 'A1J014044', 14, '680', 'semprop', 'lulus', 'Drs. Sofino, M.Pd', '196211121988031001', '3', '3', '3', '3', '3', '3', '3', '3', '3', '3'),
(213, 'A1J014036', 15, '632', 'semprop', 'lulus', 'Drs. Muhammad Izzudin, M.Pd', '195401221986091001', '3', '3', '3', '3', '3', '3', '3', '3', '3', '3'),
(214, 'A1J014008', 16, '682', 'semprop', 'lulus', 'Drs. Suardi Jasma,M.Pd', '195711281986031004', '3', '3', '3', '3', '3', '3', '3', '3', '3', '3'),
(215, 'A1J014057', 17, '630', 'semprop', 'lulus', 'Drs. Muhammad Izzudin, M.Pd', '195401221986091001', '3', '3', '3', '3', '3', '3', '3', '3', '3', '3'),
(216, 'A1J014004', 18, '680', 'semprop', 'lulus', 'Drs. Parlan, M.Pd', '195812191984031002', '3', '3', '3', '3', '3', '3', '3', '3', '3', '3'),
(217, 'A1J014025', 19, '680', 'semprop', 'lulus', 'Drs. Parlan, M.Pd', '195812191984031002', '3', '3', '3', '3', '3', '3', '3', '3', '3', '3'),
(218, 'A1J014023', 20, '654', 'semprop', 'lulus', 'Drs. Suardi Jasma,M.Pd', '195711281986031004', '3', '3', '3', '3', '3', '3', '3', '3', '3', '3'),
(219, 'A1J014022', 21, '690', 'semprop', 'lulus', 'Drs. Parlan, M.Pd', '195812191984031002', '3', '3', '3', '3', '3', '3', '3', '3', '3', '3'),
(220, 'A1J014041', 22, '682', 'semprop', 'lulus', 'Ririn Gusti, M.Pd.I  ', '198808312014042001', '3', '3', '3', '3', '3', '3', '3', '3', '3', '3'),
(221, 'A1J014012', 23, '682', 'semprop', 'lulus', 'Ririn Gusti, M.Pd.I  ', '198808312014042001', '3', '3', '3', '3', '3', '3', '3', '3', '3', '3'),
(222, 'A1J014051', 24, '690', 'semprop', 'lulus', 'Drs. Sofino, M.Pd', '196211121988031001', '3', '3', '3', '3', '3', '3', '3', '3', '3', '3'),
(223, 'A1J014011', 25, '654', 'semprop', 'lulus', 'Drs. Suardi Jasma,M.Pd', '195711281986031004', '3', '3', '3', '3', '3', '3', '3', '3', '3', '3'),
(224, 'A1J014035', 26, '690', 'semprop', 'lulus', 'Drs. Suardi Jasma,M.Pd', '195711281986031004', '3', '3', '3', '3', '3', '3', '3', '3', '3', '3'),
(225, 'A1J014005', 27, '692', 'semprop', 'lulus', 'Drs. Suardi Jasma,M.Pd', '195711281986031004', '3', '3', '3', '3', '3', '3', '3', '3', '3', '3'),
(226, 'A1J014053', 28, '690', 'semprop', 'lulus', 'Drs. Parlan, M.Pd', '195812191984031002', '3', '3', '3', '3', '3', '3', '3', '3', '3', '3'),
(227, 'A1J014063', 29, '694', 'semprop', 'lulus', 'Drs. Sofino, M.Pd', '196211121988031001', '3', '3', '3', '3', '3', '3', '3', '3', '3', '3'),
(228, 'A1J014040', 30, '688', 'semprop', 'lulus', 'Drs. Sofino, M.Pd', '196211121988031001', '3', '3', '3', '3', '3', '3', '3', '3', '3', '3'),
(229, 'A1J014030', 31, '680', 'semprop', 'lulus', 'Drs. Muhammad Izzudin, M.Pd', '195401221986091001', '3', '3', '3', '3', '3', '3', '3', '3', '3', '3'),
(230, 'A1J014047', 32, '686', 'semprop', 'lulus', 'Drs. Parlan, M.Pd', '195812191984031002', '3', '3', '3', '3', '3', '3', '3', '3', '3', '3'),
(231, 'A1J014033', 33, '668', 'semprop', 'lulus', 'Drs. Suardi Jasma,M.Pd', '195711281986031004', '3', '3', '3', '3', '3', '3', '3', '3', '3', '3'),
(232, 'A1J014072', 34, '662', 'semprop', 'lulus', 'Drs. Muhammad Izzudin, M.Pd', '195401221986091001', '3', '3', '3', '3', '3', '3', '3', '3', '3', '3'),
(233, 'A1J014066', 35, '692', 'semprop', 'lulus', 'Ririn Gusti, M.Pd.I  ', '198808312014042001', '3', '3', '3', '3', '3', '3', '3', '3', '3', '3'),
(234, 'A1J014015', 36, '664', 'semprop', 'lulus', 'Ririn Gusti, M.Pd.I  ', '198808312014042001', '3', '3', '3', '3', '3', '3', '3', '3', '3', '3'),
(235, 'A1J014048', 37, '656', 'semprop', 'lulus', 'Ririn Gusti, M.Pd.I  ', '198808312014042001', '3', '3', '3', '3', '3', '3', '3', '3', '3', '3'),
(236, 'A1J014050', 38, '680', 'semprop', 'lulus', 'Ririn Gusti, M.Pd.I  ', '198808312014042001', '3', '3', '3', '3', '3', '3', '3', '3', '3', '3'),
(237, 'A1J014037', 39, '658', 'semprop', 'lulus', 'Ririn Gusti, M.Pd.I  ', '198808312014042001', '3', '3', '3', '3', '3', '3', '3', '3', '3', '3'),
(238, 'A1J014007', 40, '658', 'semprop', 'lulus', 'Drs. Parlan, M.Pd', '195812191984031002', '3', '3', '3', '3', '3', '3', '3', '3', '3', '3'),
(239, 'A1J014056', 41, '696', 'semprop', 'lulus', 'Drs. Muhammad Izzudin, M.Pd', '195401221986091001', '3', '3', '3', '3', '3', '3', '3', '3', '3', '3'),
(240, 'A1J014045', 42, '696', 'semprop', 'lulus', 'Drs. Parlan, M.Pd', '195812191984031002', '3', '3', '3', '3', '3', '3', '3', '3', '3', '3'),
(241, 'A1J014058', 43, '640', 'semprop', 'lulus', 'Drs.Rizkan,M.Pd', '195511021982031006', '3', '3', '3', '3', '3', '3', '3', '3', '3', '3'),
(242, 'A1J014019', 44, '640', 'semprop', 'lulus', 'Drs. Parlan, M.Pd', '195812191984031002', '3', '3', '3', '3', '3', '3', '3', '3', '3', '3'),
(243, 'A1J015037', 45, '656', 'semprop', 'lulus', 'Drs. Sofino, M.Pd', '196211121988031001', '3', '3', '3', '3', '3', '3', '3', '3', '3', '3'),
(244, 'A1J014064', 46, '616', 'semprop', 'lulus', 'Drs. Parlan, M.Pd', '195812191984031002', '3', '3', '3', '3', '3', '3', '3', '3', '3', '3'),
(245, 'A1J015023', 47, '688', 'semprop', 'lulus', 'Drs. Sofino, M.Pd', '196211121988031001', '3', '3', '3', '3', '3', '3', '3', '3', '3', '3'),
(246, 'A1J014065', 48, '612', 'semprop', 'lulus', 'Drs. Suardi Jasma,M.Pd', '195711281986031004', '3', '3', '3', '3', '3', '3', '3', '3', '3', '3'),
(247, 'A1J014059', 49, '628', 'semprop', 'lulus', 'Drs. Suardi Jasma,M.Pd', '195711281986031004', '3', '3', '3', '3', '3', '3', '3', '3', '3', '3'),
(248, 'A1J015031', 50, '688', 'semprop', 'lulus', 'Drs. Suardi Jasma,M.Pd', '195711281986031004', '3', '3', '3', '3', '3', '3', '3', '3', '3', '3'),
(249, 'A1J014055', 51, '624', 'semprop', 'lulus', 'Ririn Gusti, M.Pd.I  ', '198808312014042001', '3', '3', '3', '3', '3', '3', '3', '3', '3', '3'),
(250, 'A1J013064', 52, '698', 'semprop', 'lulus', 'Drs. Suardi Jasma,M.Pd', '195711281986031004', '3', '3', '3', '3', '3', '3', '3', '3', '3', '3'),
(251, 'A1J015024', 53, '700', 'semprop', 'lulus', 'Ririn Gusti, M.Pd.I  ', '198808312014042001', '3', '3', '3', '3', '3', '3', '3', '3', '3', '3'),
(252, 'A1J015020', 54, '698', 'semprop', 'lulus', 'Drs. Parlan, M.Pd', '195812191984031002', '3', '3', '3', '3', '3', '3', '3', '3', '3', '3'),
(253, 'A1J015030', 55, '656', 'semprop', 'lulus', 'Drs. Parlan, M.Pd', '195812191984031002', '3', '3', '3', '3', '3', '3', '3', '3', '3', '3'),
(254, 'A1J015021', 56, '668', 'semprop', 'lulus', 'Drs. Sofino, M.Pd', '196211121988031001', '3', '3', '3', '3', '3', '3', '3', '3', '3', '3'),
(255, 'A1J015005', 57, '696', 'semprop', 'lulus', 'Drs. Sofino, M.Pd', '196211121988031001', '3', '3', '3', '3', '3', '3', '3', '3', '3', '3'),
(256, 'A1J014010', 58, '624', 'semprop', 'lulus', 'Drs. Suardi Jasma,M.Pd', '195711281986031004', '3', '3', '3', '3', '3', '3', '3', '3', '3', '3'),
(257, 'A1J014031', 59, '628', 'semprop', 'lulus', 'Drs. Suardi Jasma,M.Pd', '195711281986031004', '3', '3', '3', '3', '3', '3', '3', '3', '3', '3'),
(258, 'A1J015018', 60, '664', 'semprop', 'lulus', 'Drs. Sofino, M.Pd', '196211121988031001', '3', '3', '3', '3', '3', '3', '3', '3', '3', '3'),
(259, 'A1J015011', 61, '694', 'semprop', 'lulus', 'Drs. Suardi Jasma,M.Pd', '195711281986031004', '3', '3', '3', '3', '3', '3', '3', '3', '3', '3'),
(260, 'A1J014039', 62, '624', 'semprop', 'lulus', 'Drs. Sofino, M.Pd', '196211121988031001', '3', '3', '3', '3', '3', '3', '3', '3', '3', '3'),
(261, 'A1J015025', 63, '624', 'semprop', 'lulus', 'Drs. Parlan, M.Pd', '195812191984031002', '3', '3', '3', '3', '3', '3', '3', '3', '3', '3'),
(262, 'A1J015032', 64, '702', 'semprop', 'lulus', 'Ririn Gusti, M.Pd.I  ', '198808312014042001', '3', '3', '3', '3', '3', '3', '3', '3', '3', '3'),
(263, 'A1J015007', 65, '678', 'semprop', 'lulus', 'Drs. Suardi Jasma,M.Pd', '195711281986031004', '3', '3', '3', '3', '3', '3', '3', '3', '3', '3'),
(264, 'A1J015019', 66, '698', 'semprop', 'lulus', 'Drs. Suardi Jasma,M.Pd', '195711281986031004', '3', '3', '3', '3', '3', '3', '3', '3', '3', '3'),
(265, 'A1J014038', 1, '794,25', 'semhas', 'lulus', 'Drs. Sofino, M.Pd', '196211121988031001', '3', '3', '3', '3', '3', '3', '3', '3', '3', '3'),
(266, 'A1J014034', 2, '812,25', 'semhas', 'lulus', 'Ririn Gusti, M.Pd.I  ', '198808312014042001', '3', '3', '3', '3', '3', '3', '3', '3', '3', '3'),
(267, 'A1J014003', 3, '798,75', 'semhas', 'lulus', 'Drs. Suardi Jasma,M.Pd', '195711281986031004', '3', '3', '3', '3', '3', '3', '3', '3', '3', '3'),
(268, 'A1J014028', 4, '792', 'semhas', 'lulus', 'Drs. Suardi Jasma,M.Pd', '195711281986031004', '3', '3', '3', '3', '3', '3', '3', '3', '3', '3'),
(269, 'A1J014032', 5, '794,25', 'semhas', 'lulus', 'Drs. Parlan, M.Pd', '195812191984031002', '3', '3', '3', '3', '3', '3', '3', '3', '3', '3'),
(270, 'A1J014001', 6, '769,5', 'semhas', 'lulus', 'Drs. Sofino, M.Pd', '196211121988031001', '3', '3', '3', '3', '3', '3', '3', '3', '3', '3'),
(271, 'A1J014049', 7, '767,25', 'semhas', 'lulus', 'Drs. Muhammad Izzudin, M.Pd', '195401221986091001', '3', '3', '3', '3', '3', '3', '3', '3', '3', '3'),
(272, 'A1J014073', 8, '798,75', 'semhas', 'lulus', 'Drs. Sofino, M.Pd', '196211121988031001', '3', '3', '3', '3', '3', '3', '3', '3', '3', '3'),
(273, 'A1J014070', 9, '778,5', 'semhas', 'lulus', 'Drs. Muhammad Izzudin, M.Pd', '195401221986091001', '3', '3', '3', '3', '3', '3', '3', '3', '3', '3'),
(274, 'A1J014029', 10, '785,25', 'semhas', 'lulus', 'Ririn Gusti, M.Pd.I  ', '198808312014042001', '3', '3', '3', '3', '3', '3', '3', '3', '3', '3'),
(275, 'A1J014002', 11, '783', 'semhas', 'lulus', 'Drs. Sofino, M.Pd', '196211121988031001', '3', '3', '3', '3', '3', '3', '3', '3', '3', '3'),
(276, 'A1J014062', 12, '724,5', 'semhas', 'lulus', 'Drs. Suardi Jasma,M.Pd', '195711281986031004', '3', '3', '3', '3', '3', '3', '3', '3', '3', '3'),
(277, 'A1J014052', 13, '877,5', 'semhas', 'lulus', 'Drs. Suardi Jasma,M.Pd', '195711281986031004', '3', '3', '3', '3', '3', '3', '3', '3', '3', '3'),
(278, 'A1J014044', 14, '765', 'semhas', 'lulus', 'Drs. Sofino, M.Pd', '196211121988031001', '3', '3', '3', '3', '3', '3', '3', '3', '3', '3'),
(279, 'A1J014036', 15, '711', 'semhas', 'lulus', 'Drs. Muhammad Izzudin, M.Pd', '195401221986091001', '3', '3', '3', '3', '3', '3', '3', '3', '3', '3'),
(280, 'A1J014008', 16, '767,25', 'semhas', 'lulus', 'Drs. Suardi Jasma,M.Pd', '195711281986031004', '3', '3', '3', '3', '3', '3', '3', '3', '3', '3'),
(281, 'A1J014057', 17, '708,75', 'semhas', 'lulus', 'Drs. Muhammad Izzudin, M.Pd', '195401221986091001', '3', '3', '3', '3', '3', '3', '3', '3', '3', '3'),
(282, 'A1J014004', 18, '765', 'semhas', 'lulus', 'Drs. Parlan, M.Pd', '195812191984031002', '3', '3', '3', '3', '3', '3', '3', '3', '3', '3'),
(283, 'A1J014025', 19, '765', 'semhas', 'lulus', 'Drs. Parlan, M.Pd', '195812191984031002', '3', '3', '3', '3', '3', '3', '3', '3', '3', '3'),
(284, 'A1J014023', 20, '735,75', 'semhas', 'lulus', 'Drs. Suardi Jasma,M.Pd', '195711281986031004', '3', '3', '3', '3', '3', '3', '3', '3', '3', '3'),
(285, 'A1J014022', 21, '776,25', 'semhas', 'lulus', 'Drs. Parlan, M.Pd', '195812191984031002', '3', '3', '3', '3', '3', '3', '3', '3', '3', '3'),
(286, 'A1J014041', 22, '767,25', 'semhas', 'lulus', 'Ririn Gusti, M.Pd.I  ', '198808312014042001', '3', '3', '3', '3', '3', '3', '3', '3', '3', '3'),
(287, 'A1J014012', 23, '767,25', 'semhas', 'lulus', 'Ririn Gusti, M.Pd.I  ', '198808312014042001', '3', '3', '3', '3', '3', '3', '3', '3', '3', '3'),
(288, 'A1J014051', 24, '776,25', 'semhas', 'lulus', 'Drs. Sofino, M.Pd', '196211121988031001', '3', '3', '3', '3', '3', '3', '3', '3', '3', '3'),
(289, 'A1J014011', 25, '735,75', 'semhas', 'lulus', 'Drs. Suardi Jasma,M.Pd', '195711281986031004', '3', '3', '3', '3', '3', '3', '3', '3', '3', '3'),
(290, 'A1J014035', 26, '776,25', 'semhas', 'lulus', 'Drs. Suardi Jasma,M.Pd', '195711281986031004', '3', '3', '3', '3', '3', '3', '3', '3', '3', '3'),
(291, 'A1J014005', 27, '778,5', 'semhas', 'lulus', 'Drs. Suardi Jasma,M.Pd', '195711281986031004', '3', '3', '3', '3', '3', '3', '3', '3', '3', '3'),
(292, 'A1J014053', 28, '776,25', 'semhas', 'lulus', 'Drs. Parlan, M.Pd', '195812191984031002', '3', '3', '3', '3', '3', '3', '3', '3', '3', '3'),
(293, 'A1J014063', 29, '780,75', 'semhas', 'lulus', 'Drs. Sofino, M.Pd', '196211121988031001', '3', '3', '3', '3', '3', '3', '3', '3', '3', '3'),
(294, 'A1J014040', 30, '774', 'semhas', 'lulus', 'Drs. Sofino, M.Pd', '196211121988031001', '3', '3', '3', '3', '3', '3', '3', '3', '3', '3'),
(295, 'A1J014030', 31, '765', 'semhas', 'lulus', 'Drs. Muhammad Izzudin, M.Pd', '195401221986091001', '3', '3', '3', '3', '3', '3', '3', '3', '3', '3'),
(296, 'A1J014047', 32, '771,75', 'semhas', 'lulus', 'Drs. Parlan, M.Pd', '195812191984031002', '3', '3', '3', '3', '3', '3', '3', '3', '3', '3'),
(297, 'A1J014033', 33, '751,5', 'semhas', 'lulus', 'Drs. Suardi Jasma,M.Pd', '195711281986031004', '3', '3', '3', '3', '3', '3', '3', '3', '3', '3'),
(298, 'A1J014072', 34, '744,75', 'semhas', 'lulus', 'Drs. Muhammad Izzudin, M.Pd', '195401221986091001', '3', '3', '3', '3', '3', '3', '3', '3', '3', '3'),
(299, 'A1J014066', 35, '778,5', 'semhas', 'lulus', 'Ririn Gusti, M.Pd.I  ', '198808312014042001', '3', '3', '3', '3', '3', '3', '3', '3', '3', '3'),
(300, 'A1J014015', 36, '747', 'semhas', 'lulus', 'Ririn Gusti, M.Pd.I  ', '198808312014042001', '3', '3', '3', '3', '3', '3', '3', '3', '3', '3'),
(301, 'A1J014048', 37, '738', 'semhas', 'lulus', 'Ririn Gusti, M.Pd.I  ', '198808312014042001', '3', '3', '3', '3', '3', '3', '3', '3', '3', '3'),
(302, 'A1J014050', 38, '765', 'semhas', 'lulus', 'Ririn Gusti, M.Pd.I  ', '198808312014042001', '3', '3', '3', '3', '3', '3', '3', '3', '3', '3'),
(303, 'A1J014037', 39, '740,25', 'semhas', 'lulus', 'Ririn Gusti, M.Pd.I  ', '198808312014042001', '3', '3', '3', '3', '3', '3', '3', '3', '3', '3'),
(304, 'A1J014007', 40, '740,25', 'semhas', 'lulus', 'Drs. Parlan, M.Pd', '195812191984031002', '3', '3', '3', '3', '3', '3', '3', '3', '3', '3'),
(305, 'A1J014056', 41, '783', 'semhas', 'lulus', 'Drs. Muhammad Izzudin, M.Pd', '195401221986091001', '3', '3', '3', '3', '3', '3', '3', '3', '3', '3'),
(306, 'A1J014045', 42, '783', 'semhas', 'lulus', 'Drs. Parlan, M.Pd', '195812191984031002', '3', '3', '3', '3', '3', '3', '3', '3', '3', '3'),
(307, 'A1J014058', 43, '720', 'semhas', 'lulus', 'Drs.Rizkan,M.Pd', '195511021982031006', '3', '3', '3', '3', '3', '3', '3', '3', '3', '3'),
(308, 'A1J014019', 44, '720', 'semhas', 'lulus', 'Drs. Parlan, M.Pd', '195812191984031002', '3', '3', '3', '3', '3', '3', '3', '3', '3', '3'),
(309, 'A1J015037', 45, '738', 'semhas', 'lulus', 'Drs. Sofino, M.Pd', '196211121988031001', '3', '3', '3', '3', '3', '3', '3', '3', '3', '3'),
(310, 'A1J014064', 46, '693', 'semhas', 'lulus', 'Drs. Parlan, M.Pd', '195812191984031002', '3', '3', '3', '3', '3', '3', '3', '3', '3', '3'),
(311, 'A1J015023', 47, '774', 'semhas', 'lulus', 'Drs. Sofino, M.Pd', '196211121988031001', '3', '3', '3', '3', '3', '3', '3', '3', '3', '3'),
(312, 'A1J014065', 48, '688,5', 'semhas', 'lulus', 'Drs. Suardi Jasma,M.Pd', '195711281986031004', '3', '3', '3', '3', '3', '3', '3', '3', '3', '3'),
(313, 'A1J014059', 49, '706,5', 'semhas', 'lulus', 'Drs. Suardi Jasma,M.Pd', '195711281986031004', '3', '3', '3', '3', '3', '3', '3', '3', '3', '3'),
(314, 'A1J015031', 50, '774', 'semhas', 'lulus', 'Drs. Suardi Jasma,M.Pd', '195711281986031004', '3', '3', '3', '3', '3', '3', '3', '3', '3', '3'),
(315, 'A1J014055', 51, '702', 'semhas', 'lulus', 'Ririn Gusti, M.Pd.I  ', '198808312014042001', '3', '3', '3', '3', '3', '3', '3', '3', '3', '3'),
(316, 'A1J013064', 52, '785,25', 'semhas', 'lulus', 'Drs. Suardi Jasma,M.Pd', '195711281986031004', '3', '3', '3', '3', '3', '3', '3', '3', '3', '3'),
(317, 'A1J015024', 53, '787,5', 'semhas', 'lulus', 'Ririn Gusti, M.Pd.I  ', '198808312014042001', '3', '3', '3', '3', '3', '3', '3', '3', '3', '3'),
(318, 'A1J015020', 54, '785,25', 'semhas', 'lulus', 'Drs. Parlan, M.Pd', '195812191984031002', '3', '3', '3', '3', '3', '3', '3', '3', '3', '3'),
(319, 'A1J015030', 55, '738', 'semhas', 'lulus', 'Drs. Parlan, M.Pd', '195812191984031002', '3', '3', '3', '3', '3', '3', '3', '3', '3', '3'),
(320, 'A1J015021', 56, '751,5', 'semhas', 'lulus', 'Drs. Sofino, M.Pd', '196211121988031001', '3', '3', '3', '3', '3', '3', '3', '3', '3', '3'),
(321, 'A1J015005', 57, '783', 'semhas', 'lulus', 'Drs. Sofino, M.Pd', '196211121988031001', '3', '3', '3', '3', '3', '3', '3', '3', '3', '3'),
(322, 'A1J014010', 58, '702', 'semhas', 'lulus', 'Drs. Suardi Jasma,M.Pd', '195711281986031004', '3', '3', '3', '3', '3', '3', '3', '3', '3', '3'),
(323, 'A1J014031', 59, '706,5', 'semhas', 'lulus', 'Drs. Suardi Jasma,M.Pd', '195711281986031004', '3', '3', '3', '3', '3', '3', '3', '3', '3', '3'),
(324, 'A1J015018', 60, '747', 'semhas', 'lulus', 'Drs. Sofino, M.Pd', '196211121988031001', '3', '3', '3', '3', '3', '3', '3', '3', '3', '3'),
(325, 'A1J015011', 61, '780,75', 'semhas', 'lulus', 'Drs. Suardi Jasma,M.Pd', '195711281986031004', '3', '3', '3', '3', '3', '3', '3', '3', '3', '3'),
(326, 'A1J014039', 62, '702', 'semhas', 'lulus', 'Drs. Sofino, M.Pd', '196211121988031001', '3', '3', '3', '3', '3', '3', '3', '3', '3', '3'),
(327, 'A1J015025', 63, '702', 'semhas', 'lulus', 'Drs. Parlan, M.Pd', '195812191984031002', '3', '3', '3', '3', '3', '3', '3', '3', '3', '3'),
(328, 'A1J015032', 64, '789,75', 'semhas', 'lulus', 'Ririn Gusti, M.Pd.I  ', '198808312014042001', '3', '3', '3', '3', '3', '3', '3', '3', '3', '3'),
(329, 'A1J015007', 65, '762,75', 'semhas', 'lulus', 'Drs. Suardi Jasma,M.Pd', '195711281986031004', '3', '3', '3', '3', '3', '3', '3', '3', '3', '3'),
(330, 'A1J015019', 66, '785,25', 'semhas', 'lulus', 'Drs. Suardi Jasma,M.Pd', '195711281986031004', '3', '3', '3', '3', '3', '3', '3', '3', '3', '3'),
(331, 'A1J014038', 1, '882,5', 'sidang', 'lulus', 'Drs. Sofino, M.Pd', '196211121988031001', '3', '3', '3', '3', '3', '3', '3', '3', '3', '3'),
(332, 'A1J014034', 2, '902,5', 'sidang', 'lulus', 'Ririn Gusti, M.Pd.I  ', '198808312014042001', '3', '3', '3', '3', '3', '3', '3', '3', '3', '3'),
(333, 'A1J014003', 3, '887,5', 'sidang', 'lulus', 'Drs. Suardi Jasma,M.Pd', '195711281986031004', '', '', '', '', '', '', '', '', '', ''),
(334, 'A1J014028', 4, '880', 'sidang', 'lulus', 'Drs. Suardi Jasma,M.Pd', '195711281986031004', '', '', '', '', '', '', '', '', '', ''),
(335, 'A1J014032', 5, '882,5', 'sidang', 'lulus', 'Drs. Parlan, M.Pd', '195812191984031002', '', '', '', '', '', '', '', '', '', ''),
(336, 'A1J014001', 6, '855', 'sidang', 'lulus', 'Drs. Sofino, M.Pd', '196211121988031001', '', '', '', '', '', '', '', '', '', ''),
(337, 'A1J014049', 7, '852,5', 'sidang', 'lulus', 'Drs. Muhammad Izzudin, M.Pd', '195401221986091001', '', '', '', '', '', '', '', '', '', ''),
(338, 'A1J014073', 8, '887,5', 'sidang', 'lulus', 'Drs. Sofino, M.Pd', '196211121988031001', '', '', '', '', '', '', '', '', '', ''),
(339, 'A1J014070', 9, '865', 'sidang', 'lulus', 'Drs. Muhammad Izzudin, M.Pd', '195401221986091001', '', '', '', '', '', '', '', '', '', ''),
(340, 'A1J014029', 10, '872,5', 'sidang', 'lulus', 'Ririn Gusti, M.Pd.I  ', '198808312014042001', '', '', '', '', '', '', '', '', '', ''),
(341, 'A1J014002', 11, '870', 'sidang', 'lulus', 'Drs. Sofino, M.Pd', '196211121988031001', '', '', '', '', '', '', '', '', '', ''),
(342, 'A1J014062', 12, '805', 'sidang', 'lulus', 'Drs. Suardi Jasma,M.Pd', '195711281986031004', '', '', '', '', '', '', '', '', '', ''),
(343, 'A1J014052', 13, '975', 'sidang', 'lulus', 'Drs. Suardi Jasma,M.Pd', '195711281986031004', '', '', '', '', '', '', '', '', '', '');
INSERT INTO `nilai` (`id_nilai`, `npm`, `id_bimbing`, `total`, `jenis_seminar`, `status1`, `ASS`, `dipt`, `pendahuluan`, `pustaka`, `metopen`, `hasilpem`, `simpsar`, `bahasa`, `ttulis`, `argumen`, `metode`, `materi`) VALUES
(344, 'A1J014044', 14, '850', 'sidang', 'lulus', 'Drs. Sofino, M.Pd', '196211121988031001', '', '', '', '', '', '', '', '', '', ''),
(345, 'A1J014036', 15, '790', 'sidang', 'lulus', 'Drs. Muhammad Izzudin, M.Pd', '195401221986091001', '', '', '', '', '', '', '', '', '', ''),
(346, 'A1J014008', 16, '852,5', 'sidang', 'lulus', 'Drs. Suardi Jasma,M.Pd', '195711281986031004', '', '', '', '', '', '', '', '', '', ''),
(347, 'A1J014057', 17, '787,5', 'sidang', 'lulus', 'Drs. Muhammad Izzudin, M.Pd', '195401221986091001', '', '', '', '', '', '', '', '', '', ''),
(348, 'A1J014004', 18, '850', 'sidang', 'lulus', 'Drs. Parlan, M.Pd', '195812191984031002', '', '', '', '', '', '', '', '', '', ''),
(349, 'A1J014025', 19, '850', 'sidang', 'lulus', 'Drs. Parlan, M.Pd', '195812191984031002', '', '', '', '', '', '', '', '', '', ''),
(350, 'A1J014023', 20, '817,5', 'sidang', 'lulus', 'Drs. Suardi Jasma,M.Pd', '195711281986031004', '', '', '', '', '', '', '', '', '', ''),
(351, 'A1J014022', 21, '862,5', 'sidang', 'lulus', 'Drs. Parlan, M.Pd', '195812191984031002', '', '', '', '', '', '', '', '', '', ''),
(352, 'A1J014041', 22, '852,5', 'sidang', 'lulus', 'Ririn Gusti, M.Pd.I  ', '198808312014042001', '', '', '', '', '', '', '', '', '', ''),
(353, 'A1J014012', 23, '852,5', 'sidang', 'lulus', 'Ririn Gusti, M.Pd.I  ', '198808312014042001', '', '', '', '', '', '', '', '', '', ''),
(354, 'A1J014051', 24, '862,5', 'sidang', 'lulus', 'Drs. Sofino, M.Pd', '196211121988031001', '', '', '', '', '', '', '', '', '', ''),
(355, 'A1J014011', 25, '817,5', 'sidang', 'lulus', 'Drs. Suardi Jasma,M.Pd', '195711281986031004', '', '', '', '', '', '', '', '', '', ''),
(356, 'A1J014035', 26, '862,5', 'sidang', 'lulus', 'Drs. Suardi Jasma,M.Pd', '195711281986031004', '', '', '', '', '', '', '', '', '', ''),
(357, 'A1J014005', 27, '865', 'sidang', 'lulus', 'Drs. Suardi Jasma,M.Pd', '195711281986031004', '', '', '', '', '', '', '', '', '', ''),
(358, 'A1J014053', 28, '862,5', 'sidang', 'lulus', 'Drs. Parlan, M.Pd', '195812191984031002', '', '', '', '', '', '', '', '', '', ''),
(359, 'A1J014063', 29, '867,5', 'sidang', 'lulus', 'Drs. Sofino, M.Pd', '196211121988031001', '', '', '', '', '', '', '', '', '', ''),
(360, 'A1J014040', 30, '860', 'sidang', 'lulus', 'Drs. Sofino, M.Pd', '196211121988031001', '', '', '', '', '', '', '', '', '', ''),
(361, 'A1J014030', 31, '850', 'sidang', 'lulus', 'Drs. Muhammad Izzudin, M.Pd', '195401221986091001', '', '', '', '', '', '', '', '', '', ''),
(362, 'A1J014047', 32, '857,5', 'sidang', 'lulus', 'Drs. Parlan, M.Pd', '195812191984031002', '', '', '', '', '', '', '', '', '', ''),
(363, 'A1J014033', 33, '835', 'sidang', 'lulus', 'Drs. Suardi Jasma,M.Pd', '195711281986031004', '', '', '', '', '', '', '', '', '', ''),
(364, 'A1J014072', 34, '827,5', 'sidang', 'lulus', 'Drs. Muhammad Izzudin, M.Pd', '195401221986091001', '', '', '', '', '', '', '', '', '', ''),
(365, 'A1J014066', 35, '865', 'sidang', 'lulus', 'Ririn Gusti, M.Pd.I  ', '198808312014042001', '', '', '', '', '', '', '', '', '', ''),
(366, 'A1J014015', 36, '830', 'sidang', 'lulus', 'Ririn Gusti, M.Pd.I  ', '198808312014042001', '', '', '', '', '', '', '', '', '', ''),
(367, 'A1J014048', 37, '820', 'sidang', 'lulus', 'Ririn Gusti, M.Pd.I  ', '198808312014042001', '', '', '', '', '', '', '', '', '', ''),
(368, 'A1J014050', 38, '850', 'sidang', 'lulus', 'Ririn Gusti, M.Pd.I  ', '198808312014042001', '', '', '', '', '', '', '', '', '', ''),
(369, 'A1J014037', 39, '822,5', 'sidang', 'lulus', 'Ririn Gusti, M.Pd.I  ', '198808312014042001', '', '', '', '', '', '', '', '', '', ''),
(370, 'A1J014007', 40, '822,5', 'sidang', 'lulus', 'Drs. Parlan, M.Pd', '195812191984031002', '', '', '', '', '', '', '', '', '', ''),
(371, 'A1J014056', 41, '870', 'sidang', 'lulus', 'Drs. Muhammad Izzudin, M.Pd', '195401221986091001', '', '', '', '', '', '', '', '', '', ''),
(372, 'A1J014045', 42, '870', 'sidang', 'lulus', 'Drs. Parlan, M.Pd', '195812191984031002', '', '', '', '', '', '', '', '', '', ''),
(373, 'A1J014058', 43, '800', 'sidang', 'lulus', 'Drs.Rizkan,M.Pd', '195511021982031006', '', '', '', '', '', '', '', '', '', ''),
(374, 'A1J014019', 44, '800', 'sidang', 'lulus', 'Drs. Parlan, M.Pd', '195812191984031002', '', '', '', '', '', '', '', '', '', ''),
(375, 'A1J015037', 45, '820', 'sidang', 'lulus', 'Drs. Sofino, M.Pd', '196211121988031001', '', '', '', '', '', '', '', '', '', ''),
(376, 'A1J014064', 46, '770', 'sidang', 'lulus', 'Drs. Parlan, M.Pd', '195812191984031002', '', '', '', '', '', '', '', '', '', ''),
(377, 'A1J015023', 47, '860', 'sidang', 'lulus', 'Drs. Sofino, M.Pd', '196211121988031001', '', '', '', '', '', '', '', '', '', ''),
(378, 'A1J014065', 48, '765', 'sidang', 'lulus', 'Drs. Suardi Jasma,M.Pd', '195711281986031004', '', '', '', '', '', '', '', '', '', ''),
(379, 'A1J014059', 49, '785', 'sidang', 'lulus', 'Drs. Suardi Jasma,M.Pd', '195711281986031004', '', '', '', '', '', '', '', '', '', ''),
(380, 'A1J015031', 50, '860', 'sidang', 'lulus', 'Drs. Suardi Jasma,M.Pd', '195711281986031004', '', '', '', '', '', '', '', '', '', ''),
(381, 'A1J014055', 51, '780', 'sidang', 'lulus', 'Ririn Gusti, M.Pd.I  ', '198808312014042001', '', '', '', '', '', '', '', '', '', ''),
(382, 'A1J013064', 52, '872,5', 'sidang', 'lulus', 'Drs. Suardi Jasma,M.Pd', '195711281986031004', '', '', '', '', '', '', '', '', '', ''),
(383, 'A1J015024', 53, '875', 'sidang', 'lulus', 'Ririn Gusti, M.Pd.I  ', '198808312014042001', '', '', '', '', '', '', '', '', '', ''),
(384, 'A1J015020', 54, '872,5', 'sidang', 'lulus', 'Drs. Parlan, M.Pd', '195812191984031002', '', '', '', '', '', '', '', '', '', ''),
(385, 'A1J015030', 55, '820', 'sidang', 'lulus', 'Drs. Parlan, M.Pd', '195812191984031002', '', '', '', '', '', '', '', '', '', ''),
(386, 'A1J015021', 56, '835', 'sidang', 'lulus', 'Drs. Sofino, M.Pd', '196211121988031001', '', '', '', '', '', '', '', '', '', ''),
(387, 'A1J015005', 57, '870', 'sidang', 'lulus', 'Drs. Sofino, M.Pd', '196211121988031001', '', '', '', '', '', '', '', '', '', ''),
(388, 'A1J014010', 58, '780', 'sidang', 'lulus', 'Drs. Suardi Jasma,M.Pd', '195711281986031004', '', '', '', '', '', '', '', '', '', ''),
(389, 'A1J014031', 59, '785', 'sidang', 'lulus', 'Drs. Suardi Jasma,M.Pd', '195711281986031004', '', '', '', '', '', '', '', '', '', ''),
(390, 'A1J015018', 60, '830', 'sidang', 'lulus', 'Drs. Sofino, M.Pd', '196211121988031001', '', '', '', '', '', '', '', '', '', ''),
(391, 'A1J015011', 61, '867,5', 'sidang', 'lulus', 'Drs. Suardi Jasma,M.Pd', '195711281986031004', '', '', '', '', '', '', '', '', '', ''),
(392, 'A1J014039', 62, '780', 'sidang', 'lulus', 'Drs. Sofino, M.Pd', '196211121988031001', '', '', '', '', '', '', '', '', '', ''),
(393, 'A1J015025', 63, '780', 'sidang', 'lulus', 'Drs. Parlan, M.Pd', '195812191984031002', '', '', '', '', '', '', '', '', '', ''),
(394, 'A1J015032', 64, '877,5', 'sidang', 'lulus', 'Ririn Gusti, M.Pd.I  ', '198808312014042001', '', '', '', '', '', '', '', '', '', ''),
(395, 'A1J015007', 65, '847,5', 'sidang', 'lulus', 'Drs. Suardi Jasma,M.Pd', '195711281986031004', '', '', '', '', '', '', '', '', '', ''),
(396, 'A1J015019', 66, '872,5', 'sidang', 'lulus', 'Drs. Suardi Jasma,M.Pd', '195711281986031004', '', '', '', '', '', '', '', '', '', ''),
(397, 'A1J014038', 1, '706', 'semprop', 'lulus', 'Dr.M.Ilham Abdullah,M.Pd', '195911101989031004', '3', '3', '3', '3', '3', '3', '3', '3', '3', '3'),
(398, 'A1J014034', 2, '722', 'semprop', 'lulus', 'Drs. Sofino, M.Pd', '196211121988031001', '3', '3', '3', '3', '3', '3', '3', '3', '3', '3'),
(399, 'A1J014003', 3, '710', 'semprop', 'lulus', 'Drs. Muhammad Izzudin, M.Pd', '195401221986091001', '3', '3', '3', '3', '3', '3', '3', '3', '3', '3'),
(400, 'A1J014028', 4, '704', 'semprop', 'lulus', 'Drs. Sofino, M.Pd', '196211121988031001', '3', '3', '3', '3', '3', '3', '3', '3', '3', '3'),
(401, 'A1J014032', 5, '706', 'semprop', 'lulus', 'Drs. Agus Zainal Rachmat.M.Pd', '195804071985031001', '3', '3', '3', '3', '3', '3', '3', '3', '3', '3'),
(402, 'A1J014001', 6, '684', 'semprop', 'lulus', 'Drs. Parlan, M.Pd', '195812191984031002', '3', '3', '3', '3', '3', '3', '3', '3', '3', '3'),
(403, 'A1J014049', 7, '682', 'semprop', 'lulus', 'Drs.Rizkan,M.Pd', '195511021982031006', '3', '3', '3', '3', '3', '3', '3', '3', '3', '3'),
(404, 'A1J014073', 8, '710', 'semprop', 'lulus', 'Drs. Wahiruddin Wadin, M.Pd', '195506161985031001', '3', '3', '3', '3', '3', '3', '3', '3', '3', '3'),
(405, 'A1J014070', 9, '692', 'semprop', 'lulus', 'Dr.M.Ilham Abdullah,M.Pd', '195911101989031004', '3', '3', '3', '3', '3', '3', '3', '3', '3', '3'),
(406, 'A1J014029', 10, '698', 'semprop', 'lulus', 'Drs. Sofino, M.Pd', '196211121988031001', '3', '3', '3', '3', '3', '3', '3', '3', '3', '3'),
(407, 'A1J014002', 11, '696', 'semprop', 'lulus', 'Ririn Gusti, M.Pd.I  ', '198808312014042001', '3', '3', '3', '3', '3', '3', '3', '3', '3', '3'),
(408, 'A1J014062', 12, '644', 'semprop', 'lulus', 'Dr.M.Ilham Abdullah,M.Pd', '195911101989031004', '3', '3', '3', '3', '3', '3', '3', '3', '3', '3'),
(409, 'A1J014052', 13, '780', 'semprop', 'lulus', 'Drs. Muhammad Izzudin, M.Pd', '195401221986091001', '3', '3', '3', '3', '3', '3', '3', '3', '3', '3'),
(410, 'A1J014044', 14, '680', 'semprop', 'lulus', 'Drs. Rufran Zulkarnain,M.Pd', '195910051985031006', '3', '3', '3', '3', '3', '3', '3', '3', '3', '3'),
(411, 'A1J014036', 15, '632', 'semprop', 'lulus', 'Drs. Parlan, M.Pd', '195812191984031002', '3', '3', '3', '3', '3', '3', '3', '3', '3', '3'),
(412, 'A1J014008', 16, '682', 'semprop', 'lulus', 'Drs.Rizkan,M.Pd', '195511021982031006', '3', '3', '3', '3', '3', '3', '3', '3', '3', '3'),
(413, 'A1J014057', 17, '630', 'semprop', 'lulus', 'Dr.M.Ilham Abdullah,M.Pd', '195911101989031004', '3', '3', '3', '3', '3', '3', '3', '3', '3', '3'),
(414, 'A1J014004', 18, '680', 'semprop', 'lulus', 'Drs. Rufran Zulkarnain,M.Pd', '195910051985031006', '3', '3', '3', '3', '3', '3', '3', '3', '3', '3'),
(415, 'A1J014025', 19, '680', 'semprop', 'lulus', 'Dr.M.Ilham Abdullah,M.Pd', '195911101989031004', '3', '3', '3', '3', '3', '3', '3', '3', '3', '3'),
(416, 'A1J014023', 20, '654', 'semprop', 'lulus', 'Drs. Sofino, M.Pd', '196211121988031001', '3', '3', '3', '3', '3', '3', '3', '3', '3', '3'),
(417, 'A1J014022', 21, '690', 'semprop', 'lulus', 'Drs. Suardi Jasma,M.Pd', '195711281986031004', '3', '3', '3', '3', '3', '3', '3', '3', '3', '3'),
(418, 'A1J014041', 22, '682', 'semprop', 'lulus', 'Dr.M.Ilham Abdullah,M.Pd', '195911101989031004', '3', '3', '3', '3', '3', '3', '3', '3', '3', '3'),
(419, 'A1J014012', 23, '682', 'semprop', 'lulus', 'Dr.M.Ilham Abdullah,M.Pd', '195911101989031004', '3', '3', '3', '3', '3', '3', '3', '3', '3', '3'),
(420, 'A1J014051', 24, '690', 'semprop', 'lulus', 'Drs. Suardi Jasma,M.Pd', '195711281986031004', '3', '3', '3', '3', '3', '3', '3', '3', '3', '3'),
(421, 'A1J014011', 25, '654', 'semprop', 'lulus', 'Drs. Wahiruddin Wadin, M.Pd', '195506161985031001', '3', '3', '3', '3', '3', '3', '3', '3', '3', '3'),
(422, 'A1J014035', 26, '690', 'semprop', 'lulus', 'Drs. Agus Zainal Rachmat.M.Pd', '195804071985031001', '3', '3', '3', '3', '3', '3', '3', '3', '3', '3'),
(423, 'A1J014005', 27, '692', 'semprop', 'lulus', 'Drs. Rufran Zulkarnain,M.Pd', '195910051985031006', '3', '3', '3', '3', '3', '3', '3', '3', '3', '3'),
(424, 'A1J014053', 28, '690', 'semprop', 'lulus', 'Drs. Wahiruddin Wadin, M.Pd', '195506161985031001', '3', '3', '3', '3', '3', '3', '3', '3', '3', '3'),
(425, 'A1J014063', 29, '694', 'semprop', 'lulus', 'Ririn Gusti, M.Pd.I  ', '198808312014042001', '3', '3', '3', '3', '3', '3', '3', '3', '3', '3'),
(426, 'A1J014040', 30, '688', 'semprop', 'lulus', 'Drs. Parlan, M.Pd', '195812191984031002', '3', '3', '3', '3', '3', '3', '3', '3', '3', '3'),
(427, 'A1J014030', 31, '680', 'semprop', 'lulus', 'Drs. Parlan, M.Pd', '195812191984031002', '3', '3', '3', '3', '3', '3', '3', '3', '3', '3'),
(428, 'A1J014047', 32, '686', 'semprop', 'lulus', 'Dr.M.Ilham Abdullah,M.Pd', '195911101989031004', '3', '3', '3', '3', '3', '3', '3', '3', '3', '3'),
(429, 'A1J014033', 33, '668', 'semprop', 'lulus', 'Drs. Wahiruddin Wadin, M.Pd', '195506161985031001', '3', '3', '3', '3', '3', '3', '3', '3', '3', '3'),
(430, 'A1J014072', 34, '662', 'semprop', 'lulus', 'Drs. Rufran Zulkarnain,M.Pd', '195910051985031006', '3', '3', '3', '3', '3', '3', '3', '3', '3', '3'),
(431, 'A1J014066', 35, '692', 'semprop', 'lulus', 'Drs. Parlan, M.Pd', '195812191984031002', '3', '3', '3', '3', '3', '3', '3', '3', '3', '3'),
(432, 'A1J014015', 36, '664', 'semprop', 'lulus', 'Drs. Sofino, M.Pd', '196211121988031001', '3', '3', '3', '3', '3', '3', '3', '3', '3', '3'),
(433, 'A1J014048', 37, '656', 'semprop', 'lulus', 'Drs.Rizkan,M.Pd', '195511021982031006', '3', '3', '3', '3', '3', '3', '3', '3', '3', '3'),
(434, 'A1J014050', 38, '680', 'semprop', 'lulus', 'Dr.M.Ilham Abdullah,M.Pd', '195911101989031004', '3', '3', '3', '3', '3', '3', '3', '3', '3', '3'),
(435, 'A1J014037', 39, '658', 'semprop', 'lulus', 'Drs. Agus Zainal Rachmat.M.Pd', '195804071985031001', '3', '3', '3', '3', '3', '3', '3', '3', '3', '3'),
(436, 'A1J014007', 40, '658', 'semprop', 'lulus', 'Drs. Suardi Jasma,M.Pd', '195711281986031004', '3', '3', '3', '3', '3', '3', '3', '3', '3', '3'),
(437, 'A1J014056', 41, '696', 'semprop', 'lulus', 'Drs.Rizkan,M.Pd', '195511021982031006', '3', '3', '3', '3', '3', '3', '3', '3', '3', '3'),
(438, 'A1J014045', 42, '696', 'semprop', 'lulus', 'Drs.Rizkan,M.Pd', '195511021982031006', '3', '3', '3', '3', '3', '3', '3', '3', '3', '3'),
(439, 'A1J014058', 43, '640', 'semprop', 'lulus', 'Drs. Parlan, M.Pd', '195812191984031002', '3', '3', '3', '3', '3', '3', '3', '3', '3', '3'),
(440, 'A1J014019', 44, '640', 'semprop', 'lulus', 'Drs.Rizkan,M.Pd', '195511021982031006', '3', '3', '3', '3', '3', '3', '3', '3', '3', '3'),
(441, 'A1J015037', 45, '656', 'semprop', 'lulus', 'Ririn Gusti, M.Pd.I  ', '198808312014042001', '3', '3', '3', '3', '3', '3', '3', '3', '3', '3'),
(442, 'A1J014064', 46, '616', 'semprop', 'lulus', 'Drs. Suardi Jasma,M.Pd', '195711281986031004', '3', '3', '3', '3', '3', '3', '3', '3', '3', '3'),
(443, 'A1J015023', 47, '688', 'semprop', 'lulus', 'Drs. Agus Zainal Rachmat.M.Pd', '195804071985031001', '3', '3', '3', '3', '3', '3', '3', '3', '3', '3'),
(444, 'A1J014065', 48, '612', 'semprop', 'lulus', 'Drs. Parlan, M.Pd', '195812191984031002', '3', '3', '3', '3', '3', '3', '3', '3', '3', '3'),
(445, 'A1J014059', 49, '628', 'semprop', 'lulus', 'Drs. Sofino, M.Pd', '196211121988031001', '3', '3', '3', '3', '3', '3', '3', '3', '3', '3'),
(446, 'A1J015031', 50, '688', 'semprop', 'lulus', 'Drs. Sofino, M.Pd', '196211121988031001', '3', '3', '3', '3', '3', '3', '3', '3', '3', '3'),
(447, 'A1J014055', 51, '624', 'semprop', 'lulus', 'Drs. Sofino, M.Pd', '196211121988031001', '3', '3', '3', '3', '3', '3', '3', '3', '3', '3'),
(448, 'A1J013064', 52, '698', 'semprop', 'lulus', 'Dr.M.Ilham Abdullah,M.Pd', '195911101989031004', '3', '3', '3', '3', '3', '3', '3', '3', '3', '3'),
(449, 'A1J015024', 53, '700', 'semprop', 'lulus', 'Drs. Sofino, M.Pd', '196211121988031001', '3', '3', '3', '3', '3', '3', '3', '3', '3', '3'),
(450, 'A1J015020', 54, '698', 'semprop', 'lulus', 'Drs. Sofino, M.Pd', '196211121988031001', '3', '3', '3', '3', '3', '3', '3', '3', '3', '3'),
(451, 'A1J015030', 55, '656', 'semprop', 'lulus', 'Drs.Rizkan,M.Pd', '195511021982031006', '3', '3', '3', '3', '3', '3', '3', '3', '3', '3'),
(452, 'A1J015021', 56, '668', 'semprop', 'lulus', 'Drs. Rufran Zulkarnain,M.Pd', '195910051985031006', '3', '3', '3', '3', '3', '3', '3', '3', '3', '3'),
(453, 'A1J015005', 57, '696', 'semprop', 'lulus', 'Ririn Gusti, M.Pd.I  ', '198808312014042001', '3', '3', '3', '3', '3', '3', '3', '3', '3', '3'),
(454, 'A1J014010', 58, '624', 'semprop', 'lulus', 'Drs. Sofino, M.Pd', '196211121988031001', '3', '3', '3', '3', '3', '3', '3', '3', '3', '3'),
(455, 'A1J014031', 59, '628', 'semprop', 'lulus', 'Drs. Sofino, M.Pd', '196211121988031001', '3', '3', '3', '3', '3', '3', '3', '3', '3', '3'),
(456, 'A1J015018', 60, '664', 'semprop', 'lulus', 'Drs. Suardi Jasma,M.Pd', '195711281986031004', '3', '3', '3', '3', '3', '3', '3', '3', '3', '3'),
(457, 'A1J015011', 61, '694', 'semprop', 'lulus', 'Ririn Gusti, M.Pd.I  ', '198808312014042001', '3', '3', '3', '3', '3', '3', '3', '3', '3', '3'),
(458, 'A1J014039', 62, '624', 'semprop', 'lulus', 'Drs. Parlan, M.Pd', '195812191984031002', '3', '3', '3', '3', '3', '3', '3', '3', '3', '3'),
(459, 'A1J015025', 63, '624', 'semprop', 'lulus', 'Drs. Wahiruddin Wadin, M.Pd', '195506161985031001', '3', '3', '3', '3', '3', '3', '3', '3', '3', '3'),
(460, 'A1J015032', 64, '702', 'semprop', 'lulus', 'Drs. Sofino, M.Pd', '196211121988031001', '3', '3', '3', '3', '3', '3', '3', '3', '3', '3'),
(461, 'A1J015007', 65, '678', 'semprop', 'lulus', 'Drs. Parlan, M.Pd', '195812191984031002', '3', '3', '3', '3', '3', '3', '3', '3', '3', '3'),
(462, 'A1J015019', 66, '698', 'semprop', 'lulus', 'Drs. Rufran Zulkarnain,M.Pd', '195910051985031006', '3', '3', '3', '3', '3', '3', '3', '3', '3', '3'),
(463, 'A1J014038', 1, '794,25', 'semhas', 'lulus', 'Dr.M.Ilham Abdullah,M.Pd', '195911101989031004', '3', '3', '3', '3', '3', '3', '3', '3', '3', '3'),
(464, 'A1J014034', 2, '812,25', 'semhas', 'lulus', 'Drs. Sofino, M.Pd', '196211121988031001', '3', '3', '3', '3', '3', '3', '3', '3', '3', '3'),
(465, 'A1J014003', 3, '798,75', 'semhas', 'lulus', 'Drs. Muhammad Izzudin, M.Pd', '195401221986091001', '3', '3', '3', '3', '3', '3', '3', '3', '3', '3'),
(466, 'A1J014028', 4, '792', 'semhas', 'lulus', 'Drs. Sofino, M.Pd', '196211121988031001', '3', '3', '3', '3', '3', '3', '3', '3', '3', '3'),
(467, 'A1J014032', 5, '794,25', 'semhas', 'lulus', 'Drs. Agus Zainal Rachmat.M.Pd', '195804071985031001', '3', '3', '3', '3', '3', '3', '3', '3', '3', '3'),
(468, 'A1J014001', 6, '769,5', 'semhas', 'lulus', 'Drs. Parlan, M.Pd', '195812191984031002', '3', '3', '3', '3', '3', '3', '3', '3', '3', '3'),
(469, 'A1J014049', 7, '767,25', 'semhas', 'lulus', 'Drs.Rizkan,M.Pd', '195511021982031006', '3', '3', '3', '3', '3', '3', '3', '3', '3', '3'),
(470, 'A1J014073', 8, '798,75', 'semhas', 'lulus', 'Drs. Wahiruddin Wadin, M.Pd', '195506161985031001', '3', '3', '3', '3', '3', '3', '3', '3', '3', '3'),
(471, 'A1J014070', 9, '778,5', 'semhas', 'lulus', 'Dr.M.Ilham Abdullah,M.Pd', '195911101989031004', '3', '3', '3', '3', '3', '3', '3', '3', '3', '3'),
(472, 'A1J014029', 10, '785,25', 'semhas', 'lulus', 'Drs. Sofino, M.Pd', '196211121988031001', '3', '3', '3', '3', '3', '3', '3', '3', '3', '3'),
(473, 'A1J014002', 11, '783', 'semhas', 'lulus', 'Ririn Gusti, M.Pd.I  ', '198808312014042001', '3', '3', '3', '3', '3', '3', '3', '3', '3', '3'),
(474, 'A1J014062', 12, '724,5', 'semhas', 'lulus', 'Dr.M.Ilham Abdullah,M.Pd', '195911101989031004', '3', '3', '3', '3', '3', '3', '3', '3', '3', '3'),
(475, 'A1J014052', 13, '877,5', 'semhas', 'lulus', 'Drs. Muhammad Izzudin, M.Pd', '195401221986091001', '3', '3', '3', '3', '3', '3', '3', '3', '3', '3'),
(476, 'A1J014044', 14, '765', 'semhas', 'lulus', 'Drs. Rufran Zulkarnain,M.Pd', '195910051985031006', '3', '3', '3', '3', '3', '3', '3', '3', '3', '3'),
(477, 'A1J014036', 15, '711', 'semhas', 'lulus', 'Drs. Parlan, M.Pd', '195812191984031002', '3', '3', '3', '3', '3', '3', '3', '3', '3', '3'),
(478, 'A1J014008', 16, '767,25', 'semhas', 'lulus', 'Drs.Rizkan,M.Pd', '195511021982031006', '3', '3', '3', '3', '3', '3', '3', '3', '3', '3'),
(479, 'A1J014057', 17, '708,75', 'semhas', 'lulus', 'Dr.M.Ilham Abdullah,M.Pd', '195911101989031004', '3', '3', '3', '3', '3', '3', '3', '3', '3', '3'),
(480, 'A1J014004', 18, '765', 'semhas', 'lulus', 'Drs. Rufran Zulkarnain,M.Pd', '195910051985031006', '3', '3', '3', '3', '3', '3', '3', '3', '3', '3'),
(481, 'A1J014025', 19, '765', 'semhas', 'lulus', 'Dr.M.Ilham Abdullah,M.Pd', '195911101989031004', '3', '3', '3', '3', '3', '3', '3', '3', '3', '3'),
(482, 'A1J014023', 20, '735,75', 'semhas', 'lulus', 'Drs. Sofino, M.Pd', '196211121988031001', '3', '3', '3', '3', '3', '3', '3', '3', '3', '3'),
(483, 'A1J014022', 21, '776,25', 'semhas', 'lulus', 'Drs. Suardi Jasma,M.Pd', '195711281986031004', '3', '3', '3', '3', '3', '3', '3', '3', '3', '3'),
(484, 'A1J014041', 22, '767,25', 'semhas', 'lulus', 'Dr.M.Ilham Abdullah,M.Pd', '195911101989031004', '3', '3', '3', '3', '3', '3', '3', '3', '3', '3'),
(485, 'A1J014012', 23, '767,25', 'semhas', 'lulus', 'Dr.M.Ilham Abdullah,M.Pd', '195911101989031004', '3', '3', '3', '3', '3', '3', '3', '3', '3', '3'),
(486, 'A1J014051', 24, '776,25', 'semhas', 'lulus', 'Drs. Suardi Jasma,M.Pd', '195711281986031004', '3', '3', '3', '3', '3', '3', '3', '3', '3', '3'),
(487, 'A1J014011', 25, '735,75', 'semhas', 'lulus', 'Drs. Wahiruddin Wadin, M.Pd', '195506161985031001', '3', '3', '3', '3', '3', '3', '3', '3', '3', '3'),
(488, 'A1J014035', 26, '776,25', 'semhas', 'lulus', 'Drs. Agus Zainal Rachmat.M.Pd', '195804071985031001', '3', '3', '3', '3', '3', '3', '3', '3', '3', '3'),
(489, 'A1J014005', 27, '778,5', 'semhas', 'lulus', 'Drs. Rufran Zulkarnain,M.Pd', '195910051985031006', '3', '3', '3', '3', '3', '3', '3', '3', '3', '3'),
(490, 'A1J014053', 28, '776,25', 'semhas', 'lulus', 'Drs. Wahiruddin Wadin, M.Pd', '195506161985031001', '3', '3', '3', '3', '3', '3', '3', '3', '3', '3'),
(491, 'A1J014063', 29, '780,75', 'semhas', 'lulus', 'Ririn Gusti, M.Pd.I  ', '198808312014042001', '3', '3', '3', '3', '3', '3', '3', '3', '3', '3'),
(492, 'A1J014040', 30, '774', 'semhas', 'lulus', 'Drs. Parlan, M.Pd', '195812191984031002', '3', '3', '3', '3', '3', '3', '3', '3', '3', '3'),
(493, 'A1J014030', 31, '765', 'semhas', 'lulus', 'Drs. Parlan, M.Pd', '195812191984031002', '3', '3', '3', '3', '3', '3', '3', '3', '3', '3'),
(494, 'A1J014047', 32, '771,75', 'semhas', 'lulus', 'Dr.M.Ilham Abdullah,M.Pd', '195911101989031004', '3', '3', '3', '3', '3', '3', '3', '3', '3', '3'),
(495, 'A1J014033', 33, '751,5', 'semhas', 'lulus', 'Drs. Wahiruddin Wadin, M.Pd', '195506161985031001', '3', '3', '3', '3', '3', '3', '3', '3', '3', '3'),
(496, 'A1J014072', 34, '744,75', 'semhas', 'lulus', 'Drs. Rufran Zulkarnain,M.Pd', '195910051985031006', '3', '3', '3', '3', '3', '3', '3', '3', '3', '3'),
(497, 'A1J014066', 35, '778,5', 'semhas', 'lulus', 'Drs. Parlan, M.Pd', '195812191984031002', '3', '3', '3', '3', '3', '3', '3', '3', '3', '3'),
(498, 'A1J014015', 36, '747', 'semhas', 'lulus', 'Drs. Sofino, M.Pd', '196211121988031001', '3', '3', '3', '3', '3', '3', '3', '3', '3', '3'),
(499, 'A1J014048', 37, '738', 'semhas', 'lulus', 'Drs.Rizkan,M.Pd', '195511021982031006', '3', '3', '3', '3', '3', '3', '3', '3', '3', '3'),
(500, 'A1J014050', 38, '765', 'semhas', 'lulus', 'Dr.M.Ilham Abdullah,M.Pd', '195911101989031004', '3', '3', '3', '3', '3', '3', '3', '3', '3', '3'),
(501, 'A1J014037', 39, '740,25', 'semhas', 'lulus', 'Drs. Agus Zainal Rachmat.M.Pd', '195804071985031001', '3', '3', '3', '3', '3', '3', '3', '3', '3', '3'),
(502, 'A1J014007', 40, '740,25', 'semhas', 'lulus', 'Drs. Suardi Jasma,M.Pd', '195711281986031004', '3', '3', '3', '3', '3', '3', '3', '3', '3', '3'),
(503, 'A1J014056', 41, '783', 'semhas', 'lulus', 'Drs.Rizkan,M.Pd', '195511021982031006', '3', '3', '3', '3', '3', '3', '3', '3', '3', '3'),
(504, 'A1J014045', 42, '783', 'semhas', 'lulus', 'Drs.Rizkan,M.Pd', '195511021982031006', '3', '3', '3', '3', '3', '3', '3', '3', '3', '3'),
(505, 'A1J014058', 43, '720', 'semhas', 'lulus', 'Drs. Parlan, M.Pd', '195812191984031002', '3', '3', '3', '3', '3', '3', '3', '3', '3', '3'),
(506, 'A1J014019', 44, '720', 'semhas', 'lulus', 'Drs.Rizkan,M.Pd', '195511021982031006', '3', '3', '3', '3', '3', '3', '3', '3', '3', '3'),
(507, 'A1J015037', 45, '738', 'semhas', 'lulus', 'Ririn Gusti, M.Pd.I  ', '198808312014042001', '3', '3', '3', '3', '3', '3', '3', '3', '3', '3'),
(508, 'A1J014064', 46, '693', 'semhas', 'lulus', 'Drs. Suardi Jasma,M.Pd', '195711281986031004', '3', '3', '3', '3', '3', '3', '3', '3', '3', '3'),
(509, 'A1J015023', 47, '774', 'semhas', 'lulus', 'Drs. Agus Zainal Rachmat.M.Pd', '195804071985031001', '3', '3', '3', '3', '3', '3', '3', '3', '3', '3'),
(510, 'A1J014065', 48, '688,5', 'semhas', 'lulus', 'Drs. Parlan, M.Pd', '195812191984031002', '3', '3', '3', '3', '3', '3', '3', '3', '3', '3'),
(511, 'A1J014059', 49, '706,5', 'semhas', 'lulus', 'Drs. Sofino, M.Pd', '196211121988031001', '3', '3', '3', '3', '3', '3', '3', '3', '3', '3'),
(512, 'A1J015031', 50, '774', 'semhas', 'lulus', 'Drs. Sofino, M.Pd', '196211121988031001', '3', '3', '3', '3', '3', '3', '3', '3', '3', '3'),
(513, 'A1J014055', 51, '702', 'semhas', 'lulus', 'Drs. Sofino, M.Pd', '196211121988031001', '3', '3', '3', '3', '3', '3', '3', '3', '3', '3'),
(514, 'A1J013064', 52, '785,25', 'semhas', 'lulus', 'Dr.M.Ilham Abdullah,M.Pd', '195911101989031004', '3', '3', '3', '3', '3', '3', '3', '3', '3', '3'),
(515, 'A1J015024', 53, '787,5', 'semhas', 'lulus', 'Drs. Sofino, M.Pd', '196211121988031001', '3', '3', '3', '3', '3', '3', '3', '3', '3', '3'),
(516, 'A1J015020', 54, '785,25', 'semhas', 'lulus', 'Drs. Sofino, M.Pd', '196211121988031001', '3', '3', '3', '3', '3', '3', '3', '3', '3', '3'),
(517, 'A1J015030', 55, '738', 'semhas', 'lulus', 'Drs.Rizkan,M.Pd', '195511021982031006', '3', '3', '3', '3', '3', '3', '3', '3', '3', '3'),
(518, 'A1J015021', 56, '751,5', 'semhas', 'lulus', 'Drs. Rufran Zulkarnain,M.Pd', '195910051985031006', '3', '3', '3', '3', '3', '3', '3', '3', '3', '3'),
(519, 'A1J015005', 57, '783', 'semhas', 'lulus', 'Ririn Gusti, M.Pd.I  ', '198808312014042001', '3', '3', '3', '3', '3', '3', '3', '3', '3', '3'),
(520, 'A1J014010', 58, '702', 'semhas', 'lulus', 'Drs. Sofino, M.Pd', '196211121988031001', '3', '3', '3', '3', '3', '3', '3', '3', '3', '3'),
(521, 'A1J014031', 59, '706,5', 'semhas', 'lulus', 'Drs. Sofino, M.Pd', '196211121988031001', '3', '3', '3', '3', '3', '3', '3', '3', '3', '3'),
(522, 'A1J015018', 60, '747', 'semhas', 'lulus', 'Drs. Suardi Jasma,M.Pd', '195711281986031004', '3', '3', '3', '3', '3', '3', '3', '3', '3', '3'),
(523, 'A1J015011', 61, '780,75', 'semhas', 'lulus', 'Ririn Gusti, M.Pd.I  ', '198808312014042001', '3', '3', '3', '3', '3', '3', '3', '3', '3', '3'),
(524, 'A1J014039', 62, '702', 'semhas', 'lulus', 'Drs. Parlan, M.Pd', '195812191984031002', '3', '3', '3', '3', '3', '3', '3', '3', '3', '3'),
(525, 'A1J015025', 63, '702', 'semhas', 'lulus', 'Drs. Wahiruddin Wadin, M.Pd', '195506161985031001', '3', '3', '3', '3', '3', '3', '3', '3', '3', '3'),
(526, 'A1J015032', 64, '789,75', 'semhas', 'lulus', 'Drs. Sofino, M.Pd', '196211121988031001', '3', '3', '3', '3', '3', '3', '3', '3', '3', '3'),
(527, 'A1J015007', 65, '762,75', 'semhas', 'lulus', 'Drs. Parlan, M.Pd', '195812191984031002', '3', '3', '3', '3', '3', '3', '3', '3', '3', '3'),
(528, 'A1J015019', 66, '785,25', 'semhas', 'lulus', 'Drs. Rufran Zulkarnain,M.Pd', '195910051985031006', '3', '3', '3', '3', '3', '3', '3', '3', '3', '3'),
(529, 'A1J014038', 1, '882,5', 'sidang', 'lulus', 'Dr.M.Ilham Abdullah,M.Pd', '195911101989031004', '3', '3', '3', '3', '3', '3', '3', '3', '3', '3'),
(530, 'A1J014034', 2, '902,5', 'sidang', 'lulus', 'Drs. Sofino, M.Pd', '196211121988031001', '3', '3', '3', '3', '3', '3', '3', '3', '3', '3'),
(531, 'A1J014003', 3, '887,5', 'sidang', 'lulus', 'Drs. Muhammad Izzudin, M.Pd', '195401221986091001', '', '', '', '', '', '', '', '', '', ''),
(532, 'A1J014028', 4, '880', 'sidang', 'lulus', 'Drs. Sofino, M.Pd', '196211121988031001', '', '', '', '', '', '', '', '', '', ''),
(533, 'A1J014032', 5, '882,5', 'sidang', 'lulus', 'Drs. Agus Zainal Rachmat.M.Pd', '195804071985031001', '', '', '', '', '', '', '', '', '', ''),
(534, 'A1J014001', 6, '855', 'sidang', 'lulus', 'Drs. Parlan, M.Pd', '195812191984031002', '', '', '', '', '', '', '', '', '', ''),
(535, 'A1J014049', 7, '852,5', 'sidang', 'lulus', 'Drs.Rizkan,M.Pd', '195511021982031006', '', '', '', '', '', '', '', '', '', ''),
(536, 'A1J014073', 8, '887,5', 'sidang', 'lulus', 'Drs. Wahiruddin Wadin, M.Pd', '195506161985031001', '', '', '', '', '', '', '', '', '', ''),
(537, 'A1J014070', 9, '865', 'sidang', 'lulus', 'Dr.M.Ilham Abdullah,M.Pd', '195911101989031004', '', '', '', '', '', '', '', '', '', ''),
(538, 'A1J014029', 10, '872,5', 'sidang', 'lulus', 'Drs. Sofino, M.Pd', '196211121988031001', '', '', '', '', '', '', '', '', '', ''),
(539, 'A1J014002', 11, '870', 'sidang', 'lulus', 'Ririn Gusti, M.Pd.I  ', '198808312014042001', '', '', '', '', '', '', '', '', '', ''),
(540, 'A1J014062', 12, '805', 'sidang', 'lulus', 'Dr.M.Ilham Abdullah,M.Pd', '195911101989031004', '', '', '', '', '', '', '', '', '', ''),
(541, 'A1J014052', 13, '975', 'sidang', 'lulus', 'Drs. Muhammad Izzudin, M.Pd', '195401221986091001', '', '', '', '', '', '', '', '', '', ''),
(542, 'A1J014044', 14, '850', 'sidang', 'lulus', 'Drs. Rufran Zulkarnain,M.Pd', '195910051985031006', '', '', '', '', '', '', '', '', '', ''),
(543, 'A1J014036', 15, '790', 'sidang', 'lulus', 'Drs. Parlan, M.Pd', '195812191984031002', '', '', '', '', '', '', '', '', '', ''),
(544, 'A1J014008', 16, '852,5', 'sidang', 'lulus', 'Drs.Rizkan,M.Pd', '195511021982031006', '', '', '', '', '', '', '', '', '', ''),
(545, 'A1J014057', 17, '787,5', 'sidang', 'lulus', 'Dr.M.Ilham Abdullah,M.Pd', '195911101989031004', '', '', '', '', '', '', '', '', '', ''),
(546, 'A1J014004', 18, '850', 'sidang', 'lulus', 'Drs. Rufran Zulkarnain,M.Pd', '195910051985031006', '', '', '', '', '', '', '', '', '', ''),
(547, 'A1J014025', 19, '850', 'sidang', 'lulus', 'Dr.M.Ilham Abdullah,M.Pd', '195911101989031004', '', '', '', '', '', '', '', '', '', ''),
(548, 'A1J014023', 20, '817,5', 'sidang', 'lulus', 'Drs. Sofino, M.Pd', '196211121988031001', '', '', '', '', '', '', '', '', '', ''),
(549, 'A1J014022', 21, '862,5', 'sidang', 'lulus', 'Drs. Suardi Jasma,M.Pd', '195711281986031004', '', '', '', '', '', '', '', '', '', ''),
(550, 'A1J014041', 22, '852,5', 'sidang', 'lulus', 'Dr.M.Ilham Abdullah,M.Pd', '195911101989031004', '', '', '', '', '', '', '', '', '', ''),
(551, 'A1J014012', 23, '852,5', 'sidang', 'lulus', 'Dr.M.Ilham Abdullah,M.Pd', '195911101989031004', '', '', '', '', '', '', '', '', '', ''),
(552, 'A1J014051', 24, '862,5', 'sidang', 'lulus', 'Drs. Suardi Jasma,M.Pd', '195711281986031004', '', '', '', '', '', '', '', '', '', ''),
(553, 'A1J014011', 25, '817,5', 'sidang', 'lulus', 'Drs. Wahiruddin Wadin, M.Pd', '195506161985031001', '', '', '', '', '', '', '', '', '', ''),
(554, 'A1J014035', 26, '862,5', 'sidang', 'lulus', 'Drs. Agus Zainal Rachmat.M.Pd', '195804071985031001', '', '', '', '', '', '', '', '', '', ''),
(555, 'A1J014005', 27, '865', 'sidang', 'lulus', 'Drs. Rufran Zulkarnain,M.Pd', '195910051985031006', '', '', '', '', '', '', '', '', '', ''),
(556, 'A1J014053', 28, '862,5', 'sidang', 'lulus', 'Drs. Wahiruddin Wadin, M.Pd', '195506161985031001', '', '', '', '', '', '', '', '', '', ''),
(557, 'A1J014063', 29, '867,5', 'sidang', 'lulus', 'Ririn Gusti, M.Pd.I  ', '198808312014042001', '', '', '', '', '', '', '', '', '', ''),
(558, 'A1J014040', 30, '860', 'sidang', 'lulus', 'Drs. Parlan, M.Pd', '195812191984031002', '', '', '', '', '', '', '', '', '', ''),
(559, 'A1J014030', 31, '850', 'sidang', 'lulus', 'Drs. Parlan, M.Pd', '195812191984031002', '', '', '', '', '', '', '', '', '', ''),
(560, 'A1J014047', 32, '857,5', 'sidang', 'lulus', 'Dr.M.Ilham Abdullah,M.Pd', '195911101989031004', '', '', '', '', '', '', '', '', '', ''),
(561, 'A1J014033', 33, '835', 'sidang', 'lulus', 'Drs. Wahiruddin Wadin, M.Pd', '195506161985031001', '', '', '', '', '', '', '', '', '', ''),
(562, 'A1J014072', 34, '827,5', 'sidang', 'lulus', 'Drs. Rufran Zulkarnain,M.Pd', '195910051985031006', '', '', '', '', '', '', '', '', '', ''),
(563, 'A1J014066', 35, '865', 'sidang', 'lulus', 'Drs. Parlan, M.Pd', '195812191984031002', '', '', '', '', '', '', '', '', '', ''),
(564, 'A1J014015', 36, '830', 'sidang', 'lulus', 'Drs. Sofino, M.Pd', '196211121988031001', '', '', '', '', '', '', '', '', '', ''),
(565, 'A1J014048', 37, '820', 'sidang', 'lulus', 'Drs.Rizkan,M.Pd', '195511021982031006', '', '', '', '', '', '', '', '', '', ''),
(566, 'A1J014050', 38, '850', 'sidang', 'lulus', 'Dr.M.Ilham Abdullah,M.Pd', '195911101989031004', '', '', '', '', '', '', '', '', '', ''),
(567, 'A1J014037', 39, '822,5', 'sidang', 'lulus', 'Drs. Agus Zainal Rachmat.M.Pd', '195804071985031001', '', '', '', '', '', '', '', '', '', ''),
(568, 'A1J014007', 40, '822,5', 'sidang', 'lulus', 'Drs. Suardi Jasma,M.Pd', '195711281986031004', '', '', '', '', '', '', '', '', '', ''),
(569, 'A1J014056', 41, '870', 'sidang', 'lulus', 'Drs.Rizkan,M.Pd', '195511021982031006', '', '', '', '', '', '', '', '', '', ''),
(570, 'A1J014045', 42, '870', 'sidang', 'lulus', 'Drs.Rizkan,M.Pd', '195511021982031006', '', '', '', '', '', '', '', '', '', ''),
(571, 'A1J014058', 43, '800', 'sidang', 'lulus', 'Drs. Parlan, M.Pd', '195812191984031002', '', '', '', '', '', '', '', '', '', ''),
(572, 'A1J014019', 44, '800', 'sidang', 'lulus', 'Drs.Rizkan,M.Pd', '195511021982031006', '', '', '', '', '', '', '', '', '', ''),
(573, 'A1J015037', 45, '820', 'sidang', 'lulus', 'Ririn Gusti, M.Pd.I  ', '198808312014042001', '', '', '', '', '', '', '', '', '', ''),
(574, 'A1J014064', 46, '770', 'sidang', 'lulus', 'Drs. Suardi Jasma,M.Pd', '195711281986031004', '', '', '', '', '', '', '', '', '', ''),
(575, 'A1J015023', 47, '860', 'sidang', 'lulus', 'Drs. Agus Zainal Rachmat.M.Pd', '195804071985031001', '', '', '', '', '', '', '', '', '', ''),
(576, 'A1J014065', 48, '765', 'sidang', 'lulus', 'Drs. Parlan, M.Pd', '195812191984031002', '', '', '', '', '', '', '', '', '', ''),
(577, 'A1J014059', 49, '785', 'sidang', 'lulus', 'Drs. Sofino, M.Pd', '196211121988031001', '', '', '', '', '', '', '', '', '', ''),
(578, 'A1J015031', 50, '860', 'sidang', 'lulus', 'Drs. Sofino, M.Pd', '196211121988031001', '', '', '', '', '', '', '', '', '', ''),
(579, 'A1J014055', 51, '780', 'sidang', 'lulus', 'Drs. Sofino, M.Pd', '196211121988031001', '', '', '', '', '', '', '', '', '', ''),
(580, 'A1J013064', 52, '872,5', 'sidang', 'lulus', 'Dr.M.Ilham Abdullah,M.Pd', '195911101989031004', '', '', '', '', '', '', '', '', '', ''),
(581, 'A1J015024', 53, '875', 'sidang', 'lulus', 'Drs. Sofino, M.Pd', '196211121988031001', '', '', '', '', '', '', '', '', '', ''),
(582, 'A1J015020', 54, '872,5', 'sidang', 'lulus', 'Drs. Sofino, M.Pd', '196211121988031001', '', '', '', '', '', '', '', '', '', ''),
(583, 'A1J015030', 55, '820', 'sidang', 'lulus', 'Drs.Rizkan,M.Pd', '195511021982031006', '', '', '', '', '', '', '', '', '', ''),
(584, 'A1J015021', 56, '835', 'sidang', 'lulus', 'Drs. Rufran Zulkarnain,M.Pd', '195910051985031006', '', '', '', '', '', '', '', '', '', ''),
(585, 'A1J015005', 57, '870', 'sidang', 'lulus', 'Ririn Gusti, M.Pd.I  ', '198808312014042001', '', '', '', '', '', '', '', '', '', ''),
(586, 'A1J014010', 58, '780', 'sidang', 'lulus', 'Drs. Sofino, M.Pd', '196211121988031001', '', '', '', '', '', '', '', '', '', ''),
(587, 'A1J014031', 59, '785', 'sidang', 'lulus', 'Drs. Sofino, M.Pd', '196211121988031001', '', '', '', '', '', '', '', '', '', ''),
(588, 'A1J015018', 60, '830', 'sidang', 'lulus', 'Drs. Suardi Jasma,M.Pd', '195711281986031004', '', '', '', '', '', '', '', '', '', ''),
(589, 'A1J015011', 61, '867,5', 'sidang', 'lulus', 'Ririn Gusti, M.Pd.I  ', '198808312014042001', '', '', '', '', '', '', '', '', '', ''),
(590, 'A1J014039', 62, '780', 'sidang', 'lulus', 'Drs. Parlan, M.Pd', '195812191984031002', '', '', '', '', '', '', '', '', '', ''),
(591, 'A1J015025', 63, '780', 'sidang', 'lulus', 'Drs. Wahiruddin Wadin, M.Pd', '195506161985031001', '', '', '', '', '', '', '', '', '', ''),
(592, 'A1J015032', 64, '877,5', 'sidang', 'lulus', 'Drs. Sofino, M.Pd', '196211121988031001', '', '', '', '', '', '', '', '', '', ''),
(593, 'A1J015007', 65, '847,5', 'sidang', 'lulus', 'Drs. Parlan, M.Pd', '195812191984031002', '', '', '', '', '', '', '', '', '', ''),
(594, 'A1J015019', 66, '872,5', 'sidang', 'lulus', 'Drs. Rufran Zulkarnain,M.Pd', '195910051985031006', '', '', '', '', '', '', '', '', '', ''),
(595, 'A1J014038', 1, '706', 'semprop', 'lulus', 'Ririn Gusti, M.Pd.I  ', '198808312014042001', '3', '3', '3', '3', '3', '3', '3', '3', '3', '3'),
(596, 'A1J014034', 2, '722', 'semprop', 'lulus', 'Drs.Rizkan,M.Pd', '195511021982031006', '3', '3', '3', '3', '3', '3', '3', '3', '3', '3'),
(597, 'A1J014003', 3, '710', 'semprop', 'lulus', 'Drs. Parlan, M.Pd', '195812191984031002', '3', '3', '3', '3', '3', '3', '3', '3', '3', '3'),
(598, 'A1J014028', 4, '704', 'semprop', 'lulus', 'Drs. Parlan, M.Pd', '195812191984031002', '3', '3', '3', '3', '3', '3', '3', '3', '3', '3'),
(599, 'A1J014032', 5, '706', 'semprop', 'lulus', 'Drs. Suardi Jasma,M.Pd', '195711281986031004', '3', '3', '3', '3', '3', '3', '3', '3', '3', '3'),
(600, 'A1J014001', 6, '684', 'semprop', 'lulus', 'Ririn Gusti, M.Pd.I  ', '198808312014042001', '3', '3', '3', '3', '3', '3', '3', '3', '3', '3'),
(601, 'A1J014049', 7, '682', 'semprop', 'lulus', 'Drs. Parlan, M.Pd', '195812191984031002', '3', '3', '3', '3', '3', '3', '3', '3', '3', '3'),
(602, 'A1J014073', 8, '710', 'semprop', 'lulus', 'Drs. Muhammad Izzudin, M.Pd', '195401221986091001', '3', '3', '3', '3', '3', '3', '3', '3', '3', '3'),
(603, 'A1J014070', 9, '692', 'semprop', 'lulus', 'Drs. Sofino, M.Pd', '196211121988031001', '3', '3', '3', '3', '3', '3', '3', '3', '3', '3'),
(604, 'A1J014029', 10, '698', 'semprop', 'lulus', 'Drs. Muhammad Izzudin, M.Pd', '195401221986091001', '3', '3', '3', '3', '3', '3', '3', '3', '3', '3'),
(605, 'A1J014002', 11, '696', 'semprop', 'lulus', 'Drs. Muhammad Izzudin, M.Pd', '195401221986091001', '3', '3', '3', '3', '3', '3', '3', '3', '3', '3'),
(606, 'A1J014062', 12, '644', 'semprop', 'lulus', 'Drs. Agus Zainal Rachmat.M.Pd', '195804071985031001', '3', '3', '3', '3', '3', '3', '3', '3', '3', '3'),
(607, 'A1J014052', 13, '780', 'semprop', 'lulus', 'Drs.Rizkan,M.Pd', '195511021982031006', '3', '3', '3', '3', '3', '3', '3', '3', '3', '3'),
(608, 'A1J014044', 14, '680', 'semprop', 'lulus', 'Dr.M.Ilham Abdullah,M.Pd', '195911101989031004', '3', '3', '3', '3', '3', '3', '3', '3', '3', '3'),
(609, 'A1J014036', 15, '632', 'semprop', 'lulus', 'Ririn Gusti, M.Pd.I  ', '198808312014042001', '3', '3', '3', '3', '3', '3', '3', '3', '3', '3'),
(610, 'A1J014008', 16, '682', 'semprop', 'lulus', 'Drs. Rufran Zulkarnain,M.Pd', '195910051985031006', '3', '3', '3', '3', '3', '3', '3', '3', '3', '3'),
(611, 'A1J014057', 17, '630', 'semprop', 'lulus', 'Drs. Suardi Jasma,M.Pd', '195711281986031004', '3', '3', '3', '3', '3', '3', '3', '3', '3', '3'),
(612, 'A1J014004', 18, '680', 'semprop', 'lulus', 'Drs. Muhammad Izzudin, M.Pd', '195401221986091001', '3', '3', '3', '3', '3', '3', '3', '3', '3', '3'),
(613, 'A1J014025', 19, '680', 'semprop', 'lulus', 'Drs. Agus Zainal Rachmat.M.Pd', '195804071985031001', '3', '3', '3', '3', '3', '3', '3', '3', '3', '3'),
(614, 'A1J014023', 20, '654', 'semprop', 'lulus', 'Drs. Muhammad Izzudin, M.Pd', '195401221986091001', '3', '3', '3', '3', '3', '3', '3', '3', '3', '3'),
(615, 'A1J014022', 21, '690', 'semprop', 'lulus', 'Drs.Rizkan,M.Pd', '195511021982031006', '3', '3', '3', '3', '3', '3', '3', '3', '3', '3'),
(616, 'A1J014041', 22, '682', 'semprop', 'lulus', 'Drs. Parlan, M.Pd', '195812191984031002', '3', '3', '3', '3', '3', '3', '3', '3', '3', '3'),
(617, 'A1J014012', 23, '682', 'semprop', 'lulus', 'Drs. Parlan, M.Pd', '195812191984031002', '3', '3', '3', '3', '3', '3', '3', '3', '3', '3'),
(618, 'A1J014051', 24, '690', 'semprop', 'lulus', 'Drs. Wahiruddin Wadin, M.Pd', '195506161985031001', '3', '3', '3', '3', '3', '3', '3', '3', '3', '3'),
(619, 'A1J014011', 25, '654', 'semprop', 'lulus', 'Ririn Gusti, M.Pd.I  ', '198808312014042001', '3', '3', '3', '3', '3', '3', '3', '3', '3', '3'),
(620, 'A1J014035', 26, '690', 'semprop', 'lulus', 'Drs. Wahiruddin Wadin, M.Pd', '195506161985031001', '3', '3', '3', '3', '3', '3', '3', '3', '3', '3'),
(621, 'A1J014005', 27, '692', 'semprop', 'lulus', 'Drs. Parlan, M.Pd', '195812191984031002', '3', '3', '3', '3', '3', '3', '3', '3', '3', '3'),
(622, 'A1J014053', 28, '690', 'semprop', 'lulus', 'Drs. Agus Zainal Rachmat.M.Pd', '195804071985031001', '3', '3', '3', '3', '3', '3', '3', '3', '3', '3'),
(623, 'A1J014063', 29, '694', 'semprop', 'lulus', 'Dr.M.Ilham Abdullah,M.Pd', '195911101989031004', '3', '3', '3', '3', '3', '3', '3', '3', '3', '3'),
(624, 'A1J014040', 30, '688', 'semprop', 'lulus', 'Drs. Rufran Zulkarnain,M.Pd', '195910051985031006', '3', '3', '3', '3', '3', '3', '3', '3', '3', '3'),
(625, 'A1J014030', 31, '680', 'semprop', 'lulus', 'Drs. Rufran Zulkarnain,M.Pd', '195910051985031006', '3', '3', '3', '3', '3', '3', '3', '3', '3', '3'),
(626, 'A1J014047', 32, '686', 'semprop', 'lulus', 'Drs.Rizkan,M.Pd', '195511021982031006', '3', '3', '3', '3', '3', '3', '3', '3', '3', '3'),
(627, 'A1J014033', 33, '668', 'semprop', 'lulus', 'Drs. Agus Zainal Rachmat.M.Pd', '195804071985031001', '3', '3', '3', '3', '3', '3', '3', '3', '3', '3'),
(628, 'A1J014072', 34, '662', 'semprop', 'lulus', 'Drs. Agus Zainal Rachmat.M.Pd', '195804071985031001', '3', '3', '3', '3', '3', '3', '3', '3', '3', '3'),
(629, 'A1J014066', 35, '692', 'semprop', 'lulus', 'Drs. Rufran Zulkarnain,M.Pd', '195910051985031006', '3', '3', '3', '3', '3', '3', '3', '3', '3', '3'),
(630, 'A1J014015', 36, '664', 'semprop', 'lulus', 'Dr.M.Ilham Abdullah,M.Pd', '195911101989031004', '3', '3', '3', '3', '3', '3', '3', '3', '3', '3'),
(631, 'A1J014048', 37, '656', 'semprop', 'lulus', 'Drs. Rufran Zulkarnain,M.Pd', '195910051985031006', '3', '3', '3', '3', '3', '3', '3', '3', '3', '3'),
(632, 'A1J014050', 38, '680', 'semprop', 'lulus', 'Drs. Suardi Jasma,M.Pd', '195711281986031004', '3', '3', '3', '3', '3', '3', '3', '3', '3', '3'),
(633, 'A1J014037', 39, '658', 'semprop', 'lulus', 'Drs. Parlan, M.Pd', '195812191984031002', '3', '3', '3', '3', '3', '3', '3', '3', '3', '3'),
(634, 'A1J014007', 40, '658', 'semprop', 'lulus', 'Ririn Gusti, M.Pd.I  ', '198808312014042001', '3', '3', '3', '3', '3', '3', '3', '3', '3', '3'),
(635, 'A1J014056', 41, '696', 'semprop', 'lulus', 'Ririn Gusti, M.Pd.I  ', '198808312014042001', '3', '3', '3', '3', '3', '3', '3', '3', '3', '3'),
(636, 'A1J014045', 42, '696', 'semprop', 'lulus', 'Drs. Wahiruddin Wadin, M.Pd', '195506161985031001', '3', '3', '3', '3', '3', '3', '3', '3', '3', '3'),
(637, 'A1J014058', 43, '640', 'semprop', 'lulus', 'Drs. Agus Zainal Rachmat.M.Pd', '195804071985031001', '3', '3', '3', '3', '3', '3', '3', '3', '3', '3'),
(638, 'A1J014019', 44, '640', 'semprop', 'lulus', 'Drs. Suardi Jasma,M.Pd', '195711281986031004', '3', '3', '3', '3', '3', '3', '3', '3', '3', '3'),
(639, 'A1J015037', 45, '656', 'semprop', 'lulus', 'Drs. Agus Zainal Rachmat.M.Pd', '195804071985031001', '3', '3', '3', '3', '3', '3', '3', '3', '3', '3'),
(640, 'A1J014064', 46, '616', 'semprop', 'lulus', 'Drs. Sofino, M.Pd', '196211121988031001', '3', '3', '3', '3', '3', '3', '3', '3', '3', '3'),
(641, 'A1J015023', 47, '688', 'semprop', 'lulus', 'Drs. Parlan, M.Pd', '195812191984031002', '3', '3', '3', '3', '3', '3', '3', '3', '3', '3'),
(642, 'A1J014065', 48, '612', 'semprop', 'lulus', 'Drs. Wahiruddin Wadin, M.Pd', '195506161985031001', '3', '3', '3', '3', '3', '3', '3', '3', '3', '3'),
(643, 'A1J014059', 49, '628', 'semprop', 'lulus', 'Ririn Gusti, M.Pd.I  ', '198808312014042001', '3', '3', '3', '3', '3', '3', '3', '3', '3', '3'),
(644, 'A1J015031', 50, '688', 'semprop', 'lulus', 'Drs. Agus Zainal Rachmat.M.Pd', '195804071985031001', '3', '3', '3', '3', '3', '3', '3', '3', '3', '3'),
(645, 'A1J014055', 51, '624', 'semprop', 'lulus', 'Drs. Suardi Jasma,M.Pd', '195711281986031004', '3', '3', '3', '3', '3', '3', '3', '3', '3', '3'),
(646, 'A1J013064', 52, '698', 'semprop', 'lulus', 'Ririn Gusti, M.Pd.I  ', '198808312014042001', '3', '3', '3', '3', '3', '3', '3', '3', '3', '3'),
(647, 'A1J015024', 53, '700', 'semprop', 'lulus', 'Drs. Suardi Jasma,M.Pd', '195711281986031004', '3', '3', '3', '3', '3', '3', '3', '3', '3', '3'),
(648, 'A1J015020', 54, '698', 'semprop', 'lulus', 'Drs. Suardi Jasma,M.Pd', '195711281986031004', '3', '3', '3', '3', '3', '3', '3', '3', '3', '3'),
(649, 'A1J015030', 55, '656', 'semprop', 'lulus', 'Drs. Rufran Zulkarnain,M.Pd', '195910051985031006', '3', '3', '3', '3', '3', '3', '3', '3', '3', '3'),
(650, 'A1J015021', 56, '668', 'semprop', 'lulus', 'Drs.Rizkan,M.Pd', '195511021982031006', '3', '3', '3', '3', '3', '3', '3', '3', '3', '3'),
(651, 'A1J015005', 57, '696', 'semprop', 'lulus', 'Drs.Rizkan,M.Pd', '195511021982031006', '3', '3', '3', '3', '3', '3', '3', '3', '3', '3'),
(652, 'A1J014010', 58, '624', 'semprop', 'lulus', 'Ririn Gusti, M.Pd.I  ', '198808312014042001', '3', '3', '3', '3', '3', '3', '3', '3', '3', '3'),
(653, 'A1J014031', 59, '628', 'semprop', 'lulus', 'Ririn Gusti, M.Pd.I  ', '198808312014042001', '3', '3', '3', '3', '3', '3', '3', '3', '3', '3'),
(654, 'A1J015018', 60, '664', 'semprop', 'lulus', 'Drs. Rufran Zulkarnain,M.Pd', '195910051985031006', '3', '3', '3', '3', '3', '3', '3', '3', '3', '3'),
(655, 'A1J015011', 61, '694', 'semprop', 'lulus', 'Drs. Agus Zainal Rachmat.M.Pd', '195804071985031001', '3', '3', '3', '3', '3', '3', '3', '3', '3', '3'),
(656, 'A1J014039', 62, '624', 'semprop', 'lulus', 'Drs. Agus Zainal Rachmat.M.Pd', '195804071985031001', '3', '3', '3', '3', '3', '3', '3', '3', '3', '3'),
(657, 'A1J015025', 63, '790', 'semprop', 'lulus', 'Dr.M.Ilham Abdullah,M.Pd', '195911101989031004', '100', '100', '100', NULL, '3', '100', '100', '90', '100', '100'),
(658, 'A1J015032', 64, '702', 'semprop', 'lulus', 'Drs. Suardi Jasma,M.Pd', '195711281986031004', '3', '3', '3', '3', '3', '3', '3', '3', '3', '3'),
(659, 'A1J015007', 65, '678', 'semprop', 'lulus', 'Drs.Rizkan,M.Pd', '195511021982031006', '3', '3', '3', '3', '3', '3', '3', '3', '3', '3'),
(660, 'A1J015019', 66, '698', 'semprop', 'lulus', 'Drs.Rizkan,M.Pd', '195511021982031006', '3', '3', '3', '3', '3', '3', '3', '3', '3', '3'),
(661, 'A1J014038', 1, '794,25', 'semhas', 'lulus', 'Ririn Gusti, M.Pd.I  ', '198808312014042001', '3', '3', '3', '3', '3', '3', '3', '3', '3', '3'),
(662, 'A1J014034', 2, '812,25', 'semhas', 'lulus', 'Drs.Rizkan,M.Pd', '195511021982031006', '3', '3', '3', '3', '3', '3', '3', '3', '3', '3'),
(663, 'A1J014003', 3, '798,75', 'semhas', 'lulus', 'Drs. Parlan, M.Pd', '195812191984031002', '3', '3', '3', '3', '3', '3', '3', '3', '3', '3'),
(664, 'A1J014028', 4, '792', 'semhas', 'lulus', 'Drs. Parlan, M.Pd', '195812191984031002', '3', '3', '3', '3', '3', '3', '3', '3', '3', '3'),
(665, 'A1J014032', 5, '794,25', 'semhas', 'lulus', 'Drs. Suardi Jasma,M.Pd', '195711281986031004', '3', '3', '3', '3', '3', '3', '3', '3', '3', '3'),
(666, 'A1J014001', 6, '769,5', 'semhas', 'lulus', 'Ririn Gusti, M.Pd.I  ', '198808312014042001', '3', '3', '3', '3', '3', '3', '3', '3', '3', '3'),
(667, 'A1J014049', 7, '767,25', 'semhas', 'lulus', 'Drs. Parlan, M.Pd', '195812191984031002', '3', '3', '3', '3', '3', '3', '3', '3', '3', '3'),
(668, 'A1J014073', 8, '798,75', 'semhas', 'lulus', 'Drs. Muhammad Izzudin, M.Pd', '195401221986091001', '3', '3', '3', '3', '3', '3', '3', '3', '3', '3'),
(669, 'A1J014070', 9, '778,5', 'semhas', 'lulus', 'Drs. Sofino, M.Pd', '196211121988031001', '3', '3', '3', '3', '3', '3', '3', '3', '3', '3'),
(670, 'A1J014029', 10, '785,25', 'semhas', 'lulus', 'Drs. Muhammad Izzudin, M.Pd', '195401221986091001', '3', '3', '3', '3', '3', '3', '3', '3', '3', '3'),
(671, 'A1J014002', 11, '783', 'semhas', 'lulus', 'Drs. Muhammad Izzudin, M.Pd', '195401221986091001', '3', '3', '3', '3', '3', '3', '3', '3', '3', '3'),
(672, 'A1J014062', 12, '724,5', 'semhas', 'lulus', 'Drs. Agus Zainal Rachmat.M.Pd', '195804071985031001', '3', '3', '3', '3', '3', '3', '3', '3', '3', '3'),
(673, 'A1J014052', 13, '877,5', 'semhas', 'lulus', 'Drs.Rizkan,M.Pd', '195511021982031006', '3', '3', '3', '3', '3', '3', '3', '3', '3', '3'),
(674, 'A1J014044', 14, '765', 'semhas', 'lulus', 'Dr.M.Ilham Abdullah,M.Pd', '195911101989031004', '3', '3', '3', '3', '3', '3', '3', '3', '3', '3'),
(675, 'A1J014036', 15, '711', 'semhas', 'lulus', 'Ririn Gusti, M.Pd.I  ', '198808312014042001', '3', '3', '3', '3', '3', '3', '3', '3', '3', '3'),
(676, 'A1J014008', 16, '767,25', 'semhas', 'lulus', 'Drs. Rufran Zulkarnain,M.Pd', '195910051985031006', '3', '3', '3', '3', '3', '3', '3', '3', '3', '3'),
(677, 'A1J014057', 17, '708,75', 'semhas', 'lulus', 'Drs. Suardi Jasma,M.Pd', '195711281986031004', '3', '3', '3', '3', '3', '3', '3', '3', '3', '3'),
(678, 'A1J014004', 18, '765', 'semhas', 'lulus', 'Drs. Muhammad Izzudin, M.Pd', '195401221986091001', '3', '3', '3', '3', '3', '3', '3', '3', '3', '3'),
(679, 'A1J014025', 19, '765', 'semhas', 'lulus', 'Drs. Agus Zainal Rachmat.M.Pd', '195804071985031001', '3', '3', '3', '3', '3', '3', '3', '3', '3', '3'),
(680, 'A1J014023', 20, '735,75', 'semhas', 'lulus', 'Drs. Muhammad Izzudin, M.Pd', '195401221986091001', '3', '3', '3', '3', '3', '3', '3', '3', '3', '3'),
(681, 'A1J014022', 21, '776,25', 'semhas', 'lulus', 'Drs.Rizkan,M.Pd', '195511021982031006', '3', '3', '3', '3', '3', '3', '3', '3', '3', '3'),
(682, 'A1J014041', 22, '767,25', 'semhas', 'lulus', 'Drs. Parlan, M.Pd', '195812191984031002', '3', '3', '3', '3', '3', '3', '3', '3', '3', '3'),
(683, 'A1J014012', 23, '767,25', 'semhas', 'lulus', 'Drs. Parlan, M.Pd', '195812191984031002', '3', '3', '3', '3', '3', '3', '3', '3', '3', '3'),
(684, 'A1J014051', 24, '776,25', 'semhas', 'lulus', 'Drs. Wahiruddin Wadin, M.Pd', '195506161985031001', '3', '3', '3', '3', '3', '3', '3', '3', '3', '3'),
(685, 'A1J014011', 25, '735,75', 'semhas', 'lulus', 'Ririn Gusti, M.Pd.I  ', '198808312014042001', '3', '3', '3', '3', '3', '3', '3', '3', '3', '3'),
(686, 'A1J014035', 26, '776,25', 'semhas', 'lulus', 'Drs. Wahiruddin Wadin, M.Pd', '195506161985031001', '3', '3', '3', '3', '3', '3', '3', '3', '3', '3'),
(687, 'A1J014005', 27, '778,5', 'semhas', 'lulus', 'Drs. Parlan, M.Pd', '195812191984031002', '3', '3', '3', '3', '3', '3', '3', '3', '3', '3'),
(688, 'A1J014053', 28, '776,25', 'semhas', 'lulus', 'Drs. Agus Zainal Rachmat.M.Pd', '195804071985031001', '3', '3', '3', '3', '3', '3', '3', '3', '3', '3'),
(689, 'A1J014063', 29, '780,75', 'semhas', 'lulus', 'Dr.M.Ilham Abdullah,M.Pd', '195911101989031004', '3', '3', '3', '3', '3', '3', '3', '3', '3', '3'),
(690, 'A1J014040', 30, '774', 'semhas', 'lulus', 'Drs. Rufran Zulkarnain,M.Pd', '195910051985031006', '3', '3', '3', '3', '3', '3', '3', '3', '3', '3');
INSERT INTO `nilai` (`id_nilai`, `npm`, `id_bimbing`, `total`, `jenis_seminar`, `status1`, `ASS`, `dipt`, `pendahuluan`, `pustaka`, `metopen`, `hasilpem`, `simpsar`, `bahasa`, `ttulis`, `argumen`, `metode`, `materi`) VALUES
(691, 'A1J014030', 31, '765', 'semhas', 'lulus', 'Drs. Rufran Zulkarnain,M.Pd', '195910051985031006', '3', '3', '3', '3', '3', '3', '3', '3', '3', '3'),
(692, 'A1J014047', 32, '771,75', 'semhas', 'lulus', 'Drs.Rizkan,M.Pd', '195511021982031006', '3', '3', '3', '3', '3', '3', '3', '3', '3', '3'),
(693, 'A1J014033', 33, '751,5', 'semhas', 'lulus', 'Drs. Agus Zainal Rachmat.M.Pd', '195804071985031001', '3', '3', '3', '3', '3', '3', '3', '3', '3', '3'),
(694, 'A1J014072', 34, '744,75', 'semhas', 'lulus', 'Drs. Agus Zainal Rachmat.M.Pd', '195804071985031001', '3', '3', '3', '3', '3', '3', '3', '3', '3', '3'),
(695, 'A1J014066', 35, '778,5', 'semhas', 'lulus', 'Drs. Rufran Zulkarnain,M.Pd', '195910051985031006', '3', '3', '3', '3', '3', '3', '3', '3', '3', '3'),
(696, 'A1J014015', 36, '747', 'semhas', 'lulus', 'Dr.M.Ilham Abdullah,M.Pd', '195911101989031004', '3', '3', '3', '3', '3', '3', '3', '3', '3', '3'),
(697, 'A1J014048', 37, '738', 'semhas', 'lulus', 'Drs. Rufran Zulkarnain,M.Pd', '195910051985031006', '3', '3', '3', '3', '3', '3', '3', '3', '3', '3'),
(698, 'A1J014050', 38, '765', 'semhas', 'lulus', 'Drs. Suardi Jasma,M.Pd', '195711281986031004', '3', '3', '3', '3', '3', '3', '3', '3', '3', '3'),
(699, 'A1J014037', 39, '740,25', 'semhas', 'lulus', 'Drs. Parlan, M.Pd', '195812191984031002', '3', '3', '3', '3', '3', '3', '3', '3', '3', '3'),
(700, 'A1J014007', 40, '740,25', 'semhas', 'lulus', 'Ririn Gusti, M.Pd.I  ', '198808312014042001', '3', '3', '3', '3', '3', '3', '3', '3', '3', '3'),
(701, 'A1J014056', 41, '783', 'semhas', 'lulus', 'Ririn Gusti, M.Pd.I  ', '198808312014042001', '3', '3', '3', '3', '3', '3', '3', '3', '3', '3'),
(702, 'A1J014045', 42, '783', 'semhas', 'lulus', 'Drs. Wahiruddin Wadin, M.Pd', '195506161985031001', '3', '3', '3', '3', '3', '3', '3', '3', '3', '3'),
(703, 'A1J014058', 43, '720', 'semhas', 'lulus', 'Drs. Agus Zainal Rachmat.M.Pd', '195804071985031001', '3', '3', '3', '3', '3', '3', '3', '3', '3', '3'),
(704, 'A1J014019', 44, '720', 'semhas', 'lulus', 'Drs. Suardi Jasma,M.Pd', '195711281986031004', '3', '3', '3', '3', '3', '3', '3', '3', '3', '3'),
(705, 'A1J015037', 45, '738', 'semhas', 'lulus', 'Drs. Agus Zainal Rachmat.M.Pd', '195804071985031001', '3', '3', '3', '3', '3', '3', '3', '3', '3', '3'),
(706, 'A1J014064', 46, '693', 'semhas', 'lulus', 'Drs. Sofino, M.Pd', '196211121988031001', '3', '3', '3', '3', '3', '3', '3', '3', '3', '3'),
(707, 'A1J015023', 47, '774', 'semhas', 'lulus', 'Drs. Parlan, M.Pd', '195812191984031002', '3', '3', '3', '3', '3', '3', '3', '3', '3', '3'),
(708, 'A1J014065', 48, '688,5', 'semhas', 'lulus', 'Drs. Wahiruddin Wadin, M.Pd', '195506161985031001', '3', '3', '3', '3', '3', '3', '3', '3', '3', '3'),
(709, 'A1J014059', 49, '706,5', 'semhas', 'lulus', 'Ririn Gusti, M.Pd.I  ', '198808312014042001', '3', '3', '3', '3', '3', '3', '3', '3', '3', '3'),
(710, 'A1J015031', 50, '774', 'semhas', 'lulus', 'Drs. Agus Zainal Rachmat.M.Pd', '195804071985031001', '3', '3', '3', '3', '3', '3', '3', '3', '3', '3'),
(711, 'A1J014055', 51, '702', 'semhas', 'lulus', 'Drs. Suardi Jasma,M.Pd', '195711281986031004', '3', '3', '3', '3', '3', '3', '3', '3', '3', '3'),
(712, 'A1J013064', 52, '785,25', 'semhas', 'lulus', 'Ririn Gusti, M.Pd.I  ', '198808312014042001', '3', '3', '3', '3', '3', '3', '3', '3', '3', '3'),
(713, 'A1J015024', 53, '787,5', 'semhas', 'lulus', 'Drs. Suardi Jasma,M.Pd', '195711281986031004', '3', '3', '3', '3', '3', '3', '3', '3', '3', '3'),
(714, 'A1J015020', 54, '785,25', 'semhas', 'lulus', 'Drs. Suardi Jasma,M.Pd', '195711281986031004', '3', '3', '3', '3', '3', '3', '3', '3', '3', '3'),
(715, 'A1J015030', 55, '738', 'semhas', 'lulus', 'Drs. Rufran Zulkarnain,M.Pd', '195910051985031006', '3', '3', '3', '3', '3', '3', '3', '3', '3', '3'),
(716, 'A1J015021', 56, '751,5', 'semhas', 'lulus', 'Drs.Rizkan,M.Pd', '195511021982031006', '3', '3', '3', '3', '3', '3', '3', '3', '3', '3'),
(717, 'A1J015005', 57, '783', 'semhas', 'lulus', 'Drs.Rizkan,M.Pd', '195511021982031006', '3', '3', '3', '3', '3', '3', '3', '3', '3', '3'),
(718, 'A1J014010', 58, '702', 'semhas', 'lulus', 'Ririn Gusti, M.Pd.I  ', '198808312014042001', '3', '3', '3', '3', '3', '3', '3', '3', '3', '3'),
(719, 'A1J014031', 59, '706,5', 'semhas', 'lulus', 'Ririn Gusti, M.Pd.I  ', '198808312014042001', '3', '3', '3', '3', '3', '3', '3', '3', '3', '3'),
(720, 'A1J015018', 60, '747', 'semhas', 'lulus', 'Drs. Rufran Zulkarnain,M.Pd', '195910051985031006', '3', '3', '3', '3', '3', '3', '3', '3', '3', '3'),
(721, 'A1J015011', 61, '780,75', 'semhas', 'lulus', 'Drs. Agus Zainal Rachmat.M.Pd', '195804071985031001', '3', '3', '3', '3', '3', '3', '3', '3', '3', '3'),
(722, 'A1J014039', 62, '702', 'semhas', 'lulus', 'Drs. Agus Zainal Rachmat.M.Pd', '195804071985031001', '3', '3', '3', '3', '3', '3', '3', '3', '3', '3'),
(723, 'A1J015025', 63, '702', 'semhas', 'lulus', 'Dr.M.Ilham Abdullah,M.Pd', '195911101989031004', '3', '3', '3', '3', '3', '3', '3', '3', '3', '3'),
(724, 'A1J015032', 64, '789,75', 'semhas', 'lulus', 'Drs. Suardi Jasma,M.Pd', '195711281986031004', '3', '3', '3', '3', '3', '3', '3', '3', '3', '3'),
(725, 'A1J015007', 65, '762,75', 'semhas', 'lulus', 'Drs.Rizkan,M.Pd', '195511021982031006', '3', '3', '3', '3', '3', '3', '3', '3', '3', '3'),
(726, 'A1J015019', 66, '785,25', 'semhas', 'lulus', 'Drs.Rizkan,M.Pd', '195511021982031006', '3', '3', '3', '3', '3', '3', '3', '3', '3', '3'),
(727, 'A1J014038', 1, '882,5', 'sidang', 'lulus', 'Ririn Gusti, M.Pd.I  ', '198808312014042001', '3', '3', '3', '3', '3', '3', '3', '3', '3', '3'),
(728, 'A1J014034', 2, '902,5', 'sidang', 'lulus', 'Drs.Rizkan,M.Pd', '195511021982031006', '3', '3', '3', '3', '3', '3', '3', '3', '3', '3'),
(729, 'A1J014003', 3, '887,5', 'sidang', 'lulus', 'Drs. Parlan, M.Pd', '195812191984031002', '', '', '', '', '', '', '', '', '', ''),
(730, 'A1J014028', 4, '880', 'sidang', 'lulus', 'Drs. Parlan, M.Pd', '195812191984031002', '', '', '', '', '', '', '', '', '', ''),
(731, 'A1J014032', 5, '882,5', 'sidang', 'lulus', 'Drs. Suardi Jasma,M.Pd', '195711281986031004', '', '', '', '', '', '', '', '', '', ''),
(732, 'A1J014001', 6, '855', 'sidang', 'lulus', 'Ririn Gusti, M.Pd.I  ', '198808312014042001', '', '', '', '', '', '', '', '', '', ''),
(733, 'A1J014049', 7, '852,5', 'sidang', 'lulus', 'Drs. Parlan, M.Pd', '195812191984031002', '', '', '', '', '', '', '', '', '', ''),
(734, 'A1J014073', 8, '887,5', 'sidang', 'lulus', 'Drs. Muhammad Izzudin, M.Pd', '195401221986091001', '', '', '', '', '', '', '', '', '', ''),
(735, 'A1J014070', 9, '865', 'sidang', 'lulus', 'Drs. Sofino, M.Pd', '196211121988031001', '', '', '', '', '', '', '', '', '', ''),
(736, 'A1J014029', 10, '872,5', 'sidang', 'lulus', 'Drs. Muhammad Izzudin, M.Pd', '195401221986091001', '', '', '', '', '', '', '', '', '', ''),
(737, 'A1J014002', 11, '870', 'sidang', 'lulus', 'Drs. Muhammad Izzudin, M.Pd', '195401221986091001', '', '', '', '', '', '', '', '', '', ''),
(738, 'A1J014062', 12, '805', 'sidang', 'lulus', 'Drs. Agus Zainal Rachmat.M.Pd', '195804071985031001', '', '', '', '', '', '', '', '', '', ''),
(739, 'A1J014052', 13, '975', 'sidang', 'lulus', 'Drs.Rizkan,M.Pd', '195511021982031006', '', '', '', '', '', '', '', '', '', ''),
(740, 'A1J014044', 14, '850', 'sidang', 'lulus', 'Dr.M.Ilham Abdullah,M.Pd', '195911101989031004', '', '', '', '', '', '', '', '', '', ''),
(741, 'A1J014036', 15, '790', 'sidang', 'lulus', 'Ririn Gusti, M.Pd.I  ', '198808312014042001', '', '', '', '', '', '', '', '', '', ''),
(742, 'A1J014008', 16, '852,5', 'sidang', 'lulus', 'Drs. Rufran Zulkarnain,M.Pd', '195910051985031006', '', '', '', '', '', '', '', '', '', ''),
(743, 'A1J014057', 17, '787,5', 'sidang', 'lulus', 'Drs. Suardi Jasma,M.Pd', '195711281986031004', '', '', '', '', '', '', '', '', '', ''),
(744, 'A1J014004', 18, '850', 'sidang', 'lulus', 'Drs. Muhammad Izzudin, M.Pd', '195401221986091001', '', '', '', '', '', '', '', '', '', ''),
(745, 'A1J014025', 19, '850', 'sidang', 'lulus', 'Drs. Agus Zainal Rachmat.M.Pd', '195804071985031001', '', '', '', '', '', '', '', '', '', ''),
(746, 'A1J014023', 20, '817,5', 'sidang', 'lulus', 'Drs. Muhammad Izzudin, M.Pd', '195401221986091001', '', '', '', '', '', '', '', '', '', ''),
(747, 'A1J014022', 21, '862,5', 'sidang', 'lulus', 'Drs.Rizkan,M.Pd', '195511021982031006', '', '', '', '', '', '', '', '', '', ''),
(748, 'A1J014041', 22, '852,5', 'sidang', 'lulus', 'Drs. Parlan, M.Pd', '195812191984031002', '', '', '', '', '', '', '', '', '', ''),
(749, 'A1J014012', 23, '852,5', 'sidang', 'lulus', 'Drs. Parlan, M.Pd', '195812191984031002', '', '', '', '', '', '', '', '', '', ''),
(750, 'A1J014051', 24, '862,5', 'sidang', 'lulus', 'Drs. Wahiruddin Wadin, M.Pd', '195506161985031001', '', '', '', '', '', '', '', '', '', ''),
(751, 'A1J014011', 25, '817,5', 'sidang', 'lulus', 'Ririn Gusti, M.Pd.I  ', '198808312014042001', '', '', '', '', '', '', '', '', '', ''),
(752, 'A1J014035', 26, '862,5', 'sidang', 'lulus', 'Drs. Wahiruddin Wadin, M.Pd', '195506161985031001', '', '', '', '', '', '', '', '', '', ''),
(753, 'A1J014005', 27, '865', 'sidang', 'lulus', 'Drs. Parlan, M.Pd', '195812191984031002', '', '', '', '', '', '', '', '', '', ''),
(754, 'A1J014053', 28, '862,5', 'sidang', 'lulus', 'Drs. Agus Zainal Rachmat.M.Pd', '195804071985031001', '', '', '', '', '', '', '', '', '', ''),
(755, 'A1J014063', 29, '867,5', 'sidang', 'lulus', 'Dr.M.Ilham Abdullah,M.Pd', '195911101989031004', '', '', '', '', '', '', '', '', '', ''),
(756, 'A1J014040', 30, '860', 'sidang', 'lulus', 'Drs. Rufran Zulkarnain,M.Pd', '195910051985031006', '', '', '', '', '', '', '', '', '', ''),
(757, 'A1J014030', 31, '850', 'sidang', 'lulus', 'Drs. Rufran Zulkarnain,M.Pd', '195910051985031006', '', '', '', '', '', '', '', '', '', ''),
(758, 'A1J014047', 32, '857,5', 'sidang', 'lulus', 'Drs.Rizkan,M.Pd', '195511021982031006', '', '', '', '', '', '', '', '', '', ''),
(759, 'A1J014033', 33, '835', 'sidang', 'lulus', 'Drs. Agus Zainal Rachmat.M.Pd', '195804071985031001', '', '', '', '', '', '', '', '', '', ''),
(760, 'A1J014072', 34, '827,5', 'sidang', 'lulus', 'Drs. Agus Zainal Rachmat.M.Pd', '195804071985031001', '', '', '', '', '', '', '', '', '', ''),
(761, 'A1J014066', 35, '865', 'sidang', 'lulus', 'Drs. Rufran Zulkarnain,M.Pd', '195910051985031006', '', '', '', '', '', '', '', '', '', ''),
(762, 'A1J014015', 36, '830', 'sidang', 'lulus', 'Dr.M.Ilham Abdullah,M.Pd', '195911101989031004', '', '', '', '', '', '', '', '', '', ''),
(763, 'A1J014048', 37, '820', 'sidang', 'lulus', 'Drs. Rufran Zulkarnain,M.Pd', '195910051985031006', '', '', '', '', '', '', '', '', '', ''),
(764, 'A1J014050', 38, '850', 'sidang', 'lulus', 'Drs. Suardi Jasma,M.Pd', '195711281986031004', '', '', '', '', '', '', '', '', '', ''),
(765, 'A1J014037', 39, '822,5', 'sidang', 'lulus', 'Drs. Parlan, M.Pd', '195812191984031002', '', '', '', '', '', '', '', '', '', ''),
(766, 'A1J014007', 40, '822,5', 'sidang', 'lulus', 'Ririn Gusti, M.Pd.I  ', '198808312014042001', '', '', '', '', '', '', '', '', '', ''),
(767, 'A1J014056', 41, '870', 'sidang', 'lulus', 'Ririn Gusti, M.Pd.I  ', '198808312014042001', '', '', '', '', '', '', '', '', '', ''),
(768, 'A1J014045', 42, '870', 'sidang', 'lulus', 'Drs. Wahiruddin Wadin, M.Pd', '195506161985031001', '', '', '', '', '', '', '', '', '', ''),
(769, 'A1J014058', 43, '800', 'sidang', 'lulus', 'Drs. Agus Zainal Rachmat.M.Pd', '195804071985031001', '', '', '', '', '', '', '', '', '', ''),
(770, 'A1J014019', 44, '800', 'sidang', 'lulus', 'Drs. Suardi Jasma,M.Pd', '195711281986031004', '', '', '', '', '', '', '', '', '', ''),
(771, 'A1J015037', 45, '820', 'sidang', 'lulus', 'Drs. Agus Zainal Rachmat.M.Pd', '195804071985031001', '', '', '', '', '', '', '', '', '', ''),
(772, 'A1J014064', 46, '770', 'sidang', 'lulus', 'Drs. Sofino, M.Pd', '196211121988031001', '', '', '', '', '', '', '', '', '', ''),
(773, 'A1J015023', 47, '860', 'sidang', 'lulus', 'Drs. Parlan, M.Pd', '195812191984031002', '', '', '', '', '', '', '', '', '', ''),
(774, 'A1J014065', 48, '765', 'sidang', 'lulus', 'Drs. Wahiruddin Wadin, M.Pd', '195506161985031001', '', '', '', '', '', '', '', '', '', ''),
(775, 'A1J014059', 49, '785', 'sidang', 'lulus', 'Ririn Gusti, M.Pd.I  ', '198808312014042001', '', '', '', '', '', '', '', '', '', ''),
(776, 'A1J015031', 50, '860', 'sidang', 'lulus', 'Drs. Agus Zainal Rachmat.M.Pd', '195804071985031001', '', '', '', '', '', '', '', '', '', ''),
(777, 'A1J014055', 51, '780', 'sidang', 'lulus', 'Drs. Suardi Jasma,M.Pd', '195711281986031004', '', '', '', '', '', '', '', '', '', ''),
(778, 'A1J013064', 52, '872,5', 'sidang', 'lulus', 'Ririn Gusti, M.Pd.I  ', '198808312014042001', '', '', '', '', '', '', '', '', '', ''),
(779, 'A1J015024', 53, '875', 'sidang', 'lulus', 'Drs. Suardi Jasma,M.Pd', '195711281986031004', '', '', '', '', '', '', '', '', '', ''),
(780, 'A1J015020', 54, '872,5', 'sidang', 'lulus', 'Drs. Suardi Jasma,M.Pd', '195711281986031004', '', '', '', '', '', '', '', '', '', ''),
(781, 'A1J015030', 55, '820', 'sidang', 'lulus', 'Drs. Rufran Zulkarnain,M.Pd', '195910051985031006', '', '', '', '', '', '', '', '', '', ''),
(782, 'A1J015021', 56, '835', 'sidang', 'lulus', 'Drs.Rizkan,M.Pd', '195511021982031006', '', '', '', '', '', '', '', '', '', ''),
(783, 'A1J015005', 57, '870', 'sidang', 'lulus', 'Drs.Rizkan,M.Pd', '195511021982031006', '', '', '', '', '', '', '', '', '', ''),
(784, 'A1J014010', 58, '780', 'sidang', 'lulus', 'Ririn Gusti, M.Pd.I  ', '198808312014042001', '', '', '', '', '', '', '', '', '', ''),
(785, 'A1J014031', 59, '785', 'sidang', 'lulus', 'Ririn Gusti, M.Pd.I  ', '198808312014042001', '', '', '', '', '', '', '', '', '', ''),
(786, 'A1J015018', 60, '830', 'sidang', 'lulus', 'Drs. Rufran Zulkarnain,M.Pd', '195910051985031006', '', '', '', '', '', '', '', '', '', ''),
(787, 'A1J015011', 61, '867,5', 'sidang', 'lulus', 'Drs. Agus Zainal Rachmat.M.Pd', '195804071985031001', '', '', '', '', '', '', '', '', '', ''),
(788, 'A1J014039', 62, '780', 'sidang', 'lulus', 'Drs. Agus Zainal Rachmat.M.Pd', '195804071985031001', '', '', '', '', '', '', '', '', '', ''),
(789, 'A1J015025', 63, '780', 'sidang', 'lulus', 'Dr.M.Ilham Abdullah,M.Pd', '195911101989031004', '', '', '', '', '', '', '', '', '', ''),
(790, 'A1J015032', 64, '877,5', 'sidang', 'lulus', 'Drs. Suardi Jasma,M.Pd', '195711281986031004', '', '', '', '', '', '', '', '', '', ''),
(791, 'A1J015007', 65, '847,5', 'sidang', 'lulus', 'Drs.Rizkan,M.Pd', '195511021982031006', '', '', '', '', '', '', '', '', '', ''),
(792, 'A1J015019', 66, '872,5', 'sidang', 'lulus', 'Drs.Rizkan,M.Pd', '195511021982031006', '', '', '', '', '', '', '', '', '', ''),
(814, 'A1J891221', 72, '900', 'semprop', 'lulus', NULL, '195812191984031002', NULL, NULL, NULL, NULL, NULL, NULL, NULL, NULL, NULL, NULL),
(815, 'A1J891221', 72, '900', 'semhas', 'lulus', NULL, '195812191984031002', NULL, NULL, NULL, NULL, NULL, NULL, NULL, NULL, NULL, NULL),
(816, 'A1J891221', 72, '200', 'sidang', NULL, NULL, '195812191984031002', NULL, NULL, NULL, NULL, NULL, NULL, NULL, NULL, NULL, NULL),
(817, 'A1J891221', 72, '900', 'semprop', 'lulus', NULL, '195401221986091001', NULL, NULL, NULL, NULL, NULL, NULL, NULL, NULL, NULL, NULL),
(818, 'A1J891221', 72, '900', 'semprop', 'lulus', NULL, '195511021982031006', NULL, NULL, NULL, NULL, NULL, NULL, NULL, NULL, NULL, NULL),
(819, 'A1J891221', 72, '900', 'semprop', 'lulus', NULL, '195910051985031006', NULL, NULL, NULL, NULL, NULL, NULL, NULL, NULL, NULL, NULL),
(820, 'A1J891221', 72, '900', 'semhas', 'lulus', NULL, '195401221986091001', NULL, NULL, NULL, NULL, NULL, NULL, NULL, NULL, NULL, NULL),
(821, 'A1J891221', 72, '900', 'semhas', 'lulus', NULL, '195511021982031006', NULL, NULL, NULL, NULL, NULL, NULL, NULL, NULL, NULL, NULL),
(822, 'A1J891221', 72, '900', 'semhas', 'lulus', NULL, '195910051985031006', NULL, NULL, NULL, NULL, NULL, NULL, NULL, NULL, NULL, NULL),
(823, 'A1J013030', 73, '900', 'semprop', 'lulus', NULL, '198808312014042001', NULL, NULL, NULL, NULL, NULL, NULL, NULL, NULL, NULL, NULL),
(824, 'A1J013030', 73, '900', 'semhas', 'lulus', NULL, '198808312014042001', NULL, NULL, NULL, NULL, NULL, NULL, NULL, NULL, NULL, NULL),
(825, 'A1J013030', 73, '\r\n200', 'sidang', 'gagal', NULL, '198808312014042001', NULL, NULL, NULL, NULL, NULL, NULL, NULL, NULL, NULL, NULL),
(826, 'A1J013030', 73, '719', 'semprop', 'lulus', NULL, '195401221986091001', '90', '90', '90', NULL, NULL, '90', '90', '90', '90', '89'),
(827, 'A1J013030', 73, '900', 'semprop', 'lulus', NULL, '195511021982031006', NULL, NULL, NULL, NULL, NULL, NULL, NULL, NULL, NULL, NULL),
(828, 'A1J013030', 73, '900', 'semprop', 'lulus', NULL, '195808041986031001', NULL, NULL, NULL, NULL, NULL, NULL, NULL, NULL, NULL, NULL),
(829, 'A1J013030', 73, '900', 'semhas', 'lulus', NULL, '195401221986091001', NULL, NULL, NULL, NULL, NULL, NULL, NULL, NULL, NULL, NULL),
(830, 'A1J013030', 73, '900', 'semhas', 'lulus', NULL, '195511021982031006', NULL, NULL, NULL, NULL, NULL, NULL, NULL, NULL, NULL, NULL),
(831, 'A1J013030', 73, '900', 'semhas', 'lulus', NULL, '195808041986031001', NULL, NULL, NULL, NULL, NULL, NULL, NULL, NULL, NULL, NULL),
(832, 'A1J013030', 73, '900', 'semhas', 'lulus', NULL, '195804071985031001', NULL, NULL, NULL, NULL, NULL, NULL, NULL, NULL, NULL, NULL),
(833, 'A1J013030', 73, '900', 'semhas', 'lulus', NULL, '195910051985031006', NULL, NULL, NULL, NULL, NULL, NULL, NULL, NULL, NULL, NULL),
(834, 'A1J013030', 73, '900', 'semhas', 'lulus', NULL, '195808041986031001', NULL, NULL, NULL, NULL, NULL, NULL, NULL, NULL, NULL, NULL),
(835, 'A1J013030', 73, '200', 'sidang', 'gagal', NULL, '195401221986091001', NULL, NULL, NULL, NULL, NULL, NULL, NULL, NULL, NULL, NULL),
(836, 'A1J013030', 73, '200', 'sidang', 'gagal', NULL, '195911101989031004', NULL, NULL, NULL, NULL, NULL, NULL, NULL, NULL, NULL, NULL),
(837, 'A1J013030', 73, '200', 'sidang', 'gagal', NULL, '195808041986031001', NULL, NULL, NULL, NULL, NULL, NULL, NULL, NULL, NULL, NULL),
(838, 'A1J891221', 72, NULL, 'sidang', NULL, NULL, '195804071985031001', NULL, NULL, NULL, NULL, NULL, NULL, NULL, NULL, NULL, NULL),
(839, 'A1J891221', 72, NULL, 'sidang', NULL, NULL, '195911101989031004', NULL, NULL, NULL, NULL, NULL, NULL, NULL, NULL, NULL, NULL),
(840, 'A1J891221', 72, NULL, 'sidang', NULL, NULL, '195910051985031006', NULL, NULL, NULL, NULL, NULL, NULL, NULL, NULL, NULL, NULL),
(841, 'A1J010000', 74, '900', 'semprop', 'lulus', NULL, '198808312014042001', NULL, NULL, NULL, NULL, NULL, NULL, NULL, NULL, NULL, NULL),
(842, 'A1J010000', 74, NULL, 'semhas', NULL, NULL, '198808312014042001', NULL, NULL, NULL, NULL, NULL, NULL, NULL, NULL, NULL, NULL),
(843, 'A1J010000', 74, NULL, 'sidang', NULL, NULL, '198808312014042001', NULL, NULL, NULL, NULL, NULL, NULL, NULL, NULL, NULL, NULL),
(844, 'A1J010000', 74, '690', 'semprop', 'lulus', NULL, '195511021982031006', '100', '100', '100', NULL, NULL, '90', '80', '60', '90', '70'),
(845, 'A1J010000', 74, '800', 'semprop', 'lulus', NULL, '195812191984031002', NULL, NULL, NULL, NULL, NULL, NULL, NULL, NULL, NULL, NULL),
(846, 'A1J010000', 74, '400', 'semprop', 'lulus', NULL, '196211121988031001', NULL, NULL, NULL, NULL, NULL, NULL, NULL, NULL, NULL, NULL),
(847, 'A1J012112', 75, '800', 'semprop', NULL, NULL, '198808312014042001', NULL, NULL, NULL, NULL, NULL, NULL, NULL, NULL, NULL, NULL),
(848, 'A1J012112', 75, NULL, 'semhas', NULL, NULL, '198808312014042001', NULL, NULL, NULL, NULL, NULL, NULL, NULL, NULL, NULL, NULL),
(849, 'A1J012112', 75, NULL, 'sidang', NULL, NULL, '198808312014042001', NULL, NULL, NULL, NULL, NULL, NULL, NULL, NULL, NULL, NULL),
(850, 'A1J012112', 75, NULL, 'semprop', NULL, NULL, '195911101989031004', NULL, NULL, NULL, NULL, NULL, NULL, NULL, NULL, NULL, NULL),
(851, 'A1J012112', 75, '700', 'semprop', NULL, NULL, '195804071985031001', NULL, NULL, NULL, NULL, NULL, NULL, NULL, NULL, NULL, NULL),
(852, 'A1J012112', 75, NULL, 'semprop', NULL, NULL, '195808041986031001', NULL, NULL, NULL, NULL, NULL, NULL, NULL, NULL, NULL, NULL),
(853, 'A1J012020', 76, '900', 'semprop', 'lulus', NULL, '195911101989031004', NULL, NULL, NULL, NULL, NULL, NULL, NULL, NULL, NULL, NULL),
(854, 'A1J012020', 76, '900', 'semhas', 'lulus', NULL, '195911101989031004', NULL, NULL, NULL, NULL, NULL, NULL, NULL, NULL, NULL, NULL),
(855, 'A1J012020', 76, NULL, 'sidang', NULL, NULL, '195911101989031004', NULL, NULL, NULL, NULL, NULL, NULL, NULL, NULL, NULL, NULL),
(856, 'A1J012020', 76, '800', 'semprop', 'lulus', NULL, '195511021982031006', NULL, NULL, NULL, NULL, NULL, NULL, NULL, NULL, NULL, NULL),
(857, 'A1J012020', 76, '600', 'semprop', 'lulus', NULL, '195804071985031001', NULL, NULL, NULL, NULL, NULL, NULL, NULL, NULL, NULL, NULL),
(858, 'A1J012020', 76, '800', 'semprop', 'lulus', NULL, '195812191984031002', NULL, NULL, NULL, NULL, NULL, NULL, NULL, NULL, NULL, NULL),
(859, 'A1J012020', 76, '676', 'semhas', 'lulus', NULL, '195401221986091001', '90', '90', '80', '67', NULL, '89', '90', '80', '60', '30'),
(860, 'A1J012020', 76, '800', 'semhas', 'lulus', NULL, '195511021982031006', NULL, NULL, NULL, NULL, NULL, NULL, NULL, NULL, NULL, NULL),
(861, 'A1J012020', 76, '600', 'semhas', 'lulus', NULL, '195812191984031002', NULL, NULL, NULL, NULL, NULL, NULL, NULL, NULL, NULL, NULL);

-- --------------------------------------------------------

--
-- Table structure for table `operator`
--

CREATE TABLE `operator` (
  `username` varchar(50) NOT NULL,
  `password` varchar(50) NOT NULL,
  `nama` varchar(50) NOT NULL
) ENGINE=InnoDB DEFAULT CHARSET=latin1;

--
-- Dumping data for table `operator`
--

INSERT INTO `operator` (`username`, `password`, `nama`) VALUES
('OPERATOR', '5787be38ee03a9ae5360f54d9026465f', 'operator');

-- --------------------------------------------------------

--
-- Table structure for table `pembimbing`
--

CREATE TABLE `pembimbing` (
  `id_bimbing` int(11) NOT NULL,
  `npm` varchar(9) DEFAULT NULL,
  `nama_pb1` varchar(50) NOT NULL,
  `nama_pb2` varchar(50) NOT NULL,
  `pb1` varchar(20) DEFAULT NULL,
  `pb2` varchar(20) DEFAULT NULL
) ENGINE=InnoDB DEFAULT CHARSET=latin1;

--
-- Dumping data for table `pembimbing`
--

INSERT INTO `pembimbing` (`id_bimbing`, `npm`, `nama_pb1`, `nama_pb2`, `pb1`, `pb2`) VALUES
(1, 'A1J014038', 'Drs. Rufran Zulkarnain,M.Pd', 'Drs. Sofino, M.Pd', '195910051985031006', '196211121988031001'),
(2, 'A1J014034', 'Drs. Rufran Zulkarnain,M.Pd', 'Ririn Gusti, M.Pd.I  ', '195910051985031006', '198808312014042001'),
(3, 'A1J014003', 'Drs.Rizkan,M.Pd', 'Drs. Suardi Jasma,M.Pd', '195511021982031006', '195711281986031004'),
(4, 'A1J014028', 'Drs. Rufran Zulkarnain,M.Pd', 'Drs. Suardi Jasma,M.Pd', '195910051985031006', '195711281986031004'),
(5, 'A1J014032', 'Drs. Rufran Zulkarnain,M.Pd', 'Drs. Parlan, M.Pd', '195910051985031006', '195812191984031002'),
(6, 'A1J014001', 'Dr.M.Ilham Abdullah,M.Pd', 'Drs. Sofino, M.Pd', '195911101989031004', '196211121988031001'),
(7, 'A1J014049', 'Dr.M.Ilham Abdullah,M.Pd', 'Drs. Muhammad Izzudin, M.Pd', '195911101989031004', '195401221986091001'),
(8, 'A1J014073', 'Dr.M.Ilham Abdullah,M.Pd', 'Drs. Sofino, M.Pd', '195911101989031004', '196211121988031001'),
(9, 'A1J014070', 'Drs. Rufran Zulkarnain,M.Pd', 'Drs. Muhammad Izzudin, M.Pd', '195910051985031006', '195401221986091001'),
(10, 'A1J014029', 'Drs. Rufran Zulkarnain,M.Pd', 'Ririn Gusti, M.Pd.I  ', '195910051985031006', '198808312014042001'),
(11, 'A1J014002', 'Drs.Rizkan,M.Pd', 'Drs. Sofino, M.Pd', '195511021982031006', '196211121988031001'),
(12, 'A1J014062', 'Drs.Rizkan,M.Pd', 'Drs. Suardi Jasma,M.Pd', '195511021982031006', '195711281986031004'),
(13, 'A1J014052', 'Dr.M.Ilham Abdullah,M.Pd', 'Drs. Suardi Jasma,M.Pd', '195911101989031004', '195711281986031004'),
(14, 'A1J014044', 'Drs.Rizkan,M.Pd', 'Drs. Sofino, M.Pd', '195511021982031006', '196211121988031001'),
(15, 'A1J014036', 'Drs.Rizkan,M.Pd', 'Drs. Muhammad Izzudin, M.Pd', '195511021982031006', '195401221986091001'),
(16, 'A1J014008', 'Drs. Wahiruddin Wadin, M.Pd', 'Drs. Suardi Jasma,M.Pd', '195506161985031001', '195711281986031004'),
(17, 'A1J014057', 'Drs. Wahiruddin Wadin, M.Pd', 'Drs. Muhammad Izzudin, M.Pd', '195506161985031001', '195401221986091001'),
(18, 'A1J014004', 'Dr.M.Ilham Abdullah,M.Pd', 'Drs. Parlan, M.Pd', '195911101989031004', '195812191984031002'),
(19, 'A1J014025', 'Drs. Wahiruddin Wadin, M.Pd', 'Drs. Parlan, M.Pd', '195506161985031001', '195812191984031002'),
(20, 'A1J014023', 'Dr.M.Ilham Abdullah,M.Pd', 'Drs. Suardi Jasma,M.Pd', '195911101989031004', '195711281986031004'),
(21, 'A1J014022', 'Dr.M.Ilham Abdullah,M.Pd', 'Drs. Parlan, M.Pd', '195911101989031004', '195812191984031002'),
(22, 'A1J014041', 'Drs. Wahiruddin Wadin, M.Pd', 'Ririn Gusti, M.Pd.I  ', '195506161985031001', '198808312014042001'),
(23, 'A1J014012', 'Drs. Agus Zainal Rachmat.M.Pd', 'Ririn Gusti, M.Pd.I  ', '195804071985031001', '198808312014042001'),
(24, 'A1J014051', 'Dr.M.Ilham Abdullah,M.Pd', 'Drs. Sofino, M.Pd', '195911101989031004', '196211121988031001'),
(25, 'A1J014011', 'Drs. Agus Zainal Rachmat.M.Pd', 'Drs. Suardi Jasma,M.Pd', '195804071985031001', '195711281986031004'),
(26, 'A1J014035', 'Drs.Rizkan,M.Pd', 'Drs. Suardi Jasma,M.Pd', '195511021982031006', '195711281986031004'),
(27, 'A1J014005', 'Dr.M.Ilham Abdullah,M.Pd', 'Drs. Suardi Jasma,M.Pd', '195911101989031004', '195711281986031004'),
(28, 'A1J014053', 'Dr.M.Ilham Abdullah,M.Pd', 'Drs. Parlan, M.Pd', '195911101989031004', '195812191984031002'),
(29, 'A1J014063', 'Drs. Agus Zainal Rachmat.M.Pd', 'Drs. Sofino, M.Pd', '195804071985031001', '196211121988031001'),
(30, 'A1J014040', 'Dr.M.Ilham Abdullah,M.Pd', 'Drs. Sofino, M.Pd', '195911101989031004', '196211121988031001'),
(31, 'A1J014030', 'Drs. Agus Zainal Rachmat.M.Pd', 'Drs. Muhammad Izzudin, M.Pd', '195804071985031001', '195401221986091001'),
(32, 'A1J014047', 'Drs. Agus Zainal Rachmat.M.Pd', 'Drs. Parlan, M.Pd', '195804071985031001', '195812191984031002'),
(33, 'A1J014033', 'Drs. Rufran Zulkarnain,M.Pd', 'Drs. Suardi Jasma,M.Pd', '195910051985031006', '195711281986031004'),
(34, 'A1J014072', 'Drs. Wahiruddin Wadin, M.Pd', 'Drs. Muhammad Izzudin, M.Pd', '195506161985031001', '195401221986091001'),
(35, 'A1J014066', 'Drs.Rizkan,M.Pd', 'Ririn Gusti, M.Pd.I  ', '195511021982031006', '198808312014042001'),
(36, 'A1J014015', 'Drs.Rizkan,M.Pd', 'Ririn Gusti, M.Pd.I  ', '195511021982031006', '198808312014042001'),
(37, 'A1J014048', 'Drs. Wahiruddin Wadin, M.Pd', 'Ririn Gusti, M.Pd.I  ', '195506161985031001', '198808312014042001'),
(38, 'A1J014050', 'Drs. Wahiruddin Wadin, M.Pd', 'Ririn Gusti, M.Pd.I  ', '195506161985031001', '198808312014042001'),
(39, 'A1J014037', 'Drs. Rufran Zulkarnain,M.Pd', 'Ririn Gusti, M.Pd.I  ', '195910051985031006', '198808312014042001'),
(40, 'A1J014007', 'Drs.Rizkan,M.Pd', 'Drs. Parlan, M.Pd', '195511021982031006', '195812191984031002'),
(41, 'A1J014056', 'Drs. Agus Zainal Rachmat.M.Pd', 'Drs. Muhammad Izzudin, M.Pd', '195804071985031001', '195401221986091001'),
(42, 'A1J014045', 'Dr.M.Ilham Abdullah,M.Pd', 'Drs. Parlan, M.Pd', '195911101989031004', '195812191984031002'),
(43, 'A1J014058', 'Dr.M.Ilham Abdullah,M.Pd', 'Drs.Rizkan,M.Pd', '195911101989031004', '195511021982031006'),
(44, 'A1J014019', 'Drs. Agus Zainal Rachmat.M.Pd', 'Drs. Parlan, M.Pd', '195804071985031001', '195812191984031002'),
(45, 'A1J015037', 'Dr.M.Ilham Abdullah,M.Pd', 'Drs. Sofino, M.Pd', '195911101989031004', '196211121988031001'),
(46, 'A1J014064', 'Drs. Wahiruddin Wadin, M.Pd', 'Drs. Parlan, M.Pd', '195506161985031001', '195812191984031002'),
(47, 'A1J015023', 'Drs. Rufran Zulkarnain,M.Pd', 'Drs. Sofino, M.Pd', '195910051985031006', '196211121988031001'),
(48, 'A1J014065', 'Drs.Rizkan,M.Pd', 'Drs. Suardi Jasma,M.Pd', '195511021982031006', '195711281986031004'),
(49, 'A1J014059', 'Drs.Rizkan,M.Pd', 'Drs. Suardi Jasma,M.Pd', '195511021982031006', '195711281986031004'),
(50, 'A1J015031', 'Drs.Rizkan,M.Pd', 'Drs. Suardi Jasma,M.Pd', '195511021982031006', '195711281986031004'),
(51, 'A1J014055', 'Drs. Agus Zainal Rachmat.M.Pd', 'Ririn Gusti, M.Pd.I  ', '195804071985031001', '198808312014042001'),
(52, 'A1J013064', 'Drs. Agus Zainal Rachmat.M.Pd', 'Drs. Suardi Jasma,M.Pd', '195804071985031001', '195711281986031004'),
(53, 'A1J015024', 'Drs. Wahiruddin Wadin, M.Pd', 'Ririn Gusti, M.Pd.I  ', '195506161985031001', '198808312014042001'),
(54, 'A1J015020', 'Drs. Agus Zainal Rachmat.M.Pd', 'Drs. Parlan, M.Pd', '195804071985031001', '195812191984031002'),
(55, 'A1J015030', 'Drs. Wahiruddin Wadin, M.Pd', 'Drs. Parlan, M.Pd', '195506161985031001', '195812191984031002'),
(56, 'A1J015021', 'Drs. Wahiruddin Wadin, M.Pd', 'Drs. Sofino, M.Pd', '195506161985031001', '196211121988031001'),
(57, 'A1J015005', 'Dr.M.Ilham Abdullah,M.Pd', 'Drs. Sofino, M.Pd', '195911101989031004', '196211121988031001'),
(58, 'A1J014010', 'Dr.M.Ilham Abdullah,M.Pd', 'Drs. Suardi Jasma,M.Pd', '195911101989031004', '195711281986031004'),
(59, 'A1J014031', 'Drs. Agus Zainal Rachmat.M.Pd', 'Drs. Suardi Jasma,M.Pd', '195804071985031001', '195711281986031004'),
(60, 'A1J015018', 'Drs.Rizkan,M.Pd', 'Drs. Sofino, M.Pd', '195511021982031006', '196211121988031001'),
(61, 'A1J015011', 'Dr.M.Ilham Abdullah,M.Pd', 'Drs. Suardi Jasma,M.Pd', '195911101989031004', '195711281986031004'),
(62, 'A1J014039', 'Drs.Rizkan,M.Pd', 'Drs. Sofino, M.Pd', '195511021982031006', '196211121988031001'),
(63, 'A1J015025', 'Drs. Agus Zainal Rachmat.M.Pd', 'Drs. Parlan, M.Pd', '195804071985031001', '195812191984031002'),
(64, 'A1J015032', 'Drs. Rufran Zulkarnain,M.Pd', 'Ririn Gusti, M.Pd.I  ', '195910051985031006', '198808312014042001'),
(65, 'A1J015007', 'Drs. Rufran Zulkarnain,M.Pd', 'Drs. Suardi Jasma,M.Pd', '195910051985031006', '195711281986031004'),
(66, 'A1J015019', 'Drs. Agus Zainal Rachmat.M.Pd', 'Drs. Suardi Jasma,M.Pd', '195804071985031001', '195711281986031004'),
(72, 'A1J891221', 'Drs. Parlan, M.Pd', 'Drs. Rufran Zulkarna', '195812191984031002', '195910051985031006'),
(73, 'A1J013030', 'Ririn Gusti, M.Pd.I ', 'Drs. Yayan Mulyana, ', '198808312014042001', '195808041986031001'),
(74, 'A1J010000', 'Ririn Gusti, M.Pd.I ', 'Drs. Sofino, M.Pd', '198808312014042001', '196211121988031001'),
(75, 'A1J012112', 'Ririn Gusti, M.Pd.I ', 'Drs. Yayan Mulyana, ', '198808312014042001', '195808041986031001'),
(76, 'A1J012020', 'Dr. Ilham Abdullah, ', 'Drs. Parlan, M.Pd', '195911101989031004', '195812191984031002');

-- --------------------------------------------------------

--
-- Table structure for table `pesan`
--

CREATE TABLE `pesan` (
  `pengirim` varchar(20) NOT NULL,
  `pesan` varchar(500) NOT NULL,
  `status` varchar(13) NOT NULL,
  `penerima` varchar(20) NOT NULL,
  `id_pesan` int(11) NOT NULL,
  `nama` varchar(30) NOT NULL,
  `doc` varchar(30) DEFAULT NULL
) ENGINE=InnoDB DEFAULT CHARSET=latin1;

--
-- Dumping data for table `pesan`
--

INSERT INTO `pesan` (`pengirim`, `pesan`, `status`, `penerima`, `id_pesan`, `nama`, `doc`) VALUES
('operator', ' asasdscascas', 'dibaca', 'A1J015037', 4, 'operator', NULL),
('operator', ' asdadasd', 'dibaca', 'A1J015037', 5, 'operator', NULL),
('A1J015032', ' cdcdcdds', 'dibaca', 'A1J015037', 6, 'Astri Rarantika ', NULL),
('A1J015032', ' saccscsc', 'dibaca', 'A1J015037', 7, 'Astri Rarantika ', NULL),
('OPERATOR', ' scacs', 'dibaca', 'A1J015037', 8, 'operator', NULL);

-- --------------------------------------------------------

--
-- Table structure for table `semhas`
--

CREATE TABLE `semhas` (
  `npm` varchar(9) DEFAULT NULL,
  `id_semhas` varchar(11) NOT NULL,
  `nama_pg1` varchar(50) NOT NULL,
  `nama_pg2` varchar(50) NOT NULL,
  `pg1` varchar(50) DEFAULT NULL,
  `pg2` varchar(50) DEFAULT NULL,
  `pukul` time DEFAULT NULL,
  `tanggal1` date NOT NULL,
  `status` enum('proses','daftar','selesai','gagal') DEFAULT NULL,
  `ruang` varchar(50) NOT NULL,
  `id_bimbing` int(11) DEFAULT NULL
) ENGINE=InnoDB DEFAULT CHARSET=latin1;

--
-- Dumping data for table `semhas`
--

INSERT INTO `semhas` (`npm`, `id_semhas`, `nama_pg1`, `nama_pg2`, `pg1`, `pg2`, `pukul`, `tanggal1`, `status`, `ruang`, `id_bimbing`) VALUES
('A1J014029', '10a', 'Drs. Sofino, M.Pd', 'Drs. Muhammad Izzudin, M.Pd', '196211121988031001', '195401221986091001', '12:30:00', '2018-03-09', 'selesai', 'Ruang 2', 10),
('A1J014002', '11a', 'Ririn Gusti, M.Pd.I  ', 'Drs. Muhammad Izzudin, M.Pd', '198808312014042001', '195401221986091001', '15:00:00', '2018-03-01', 'selesai', 'Ruang 2', 11),
('A1J014062', '12a', 'Dr.M.Ilham Abdullah,M.Pd', 'Drs. Agus Zainal Rachmat.M.Pd', '195911101989031004', '195804071985031001', '16:00:00', '2018-03-01', 'selesai', 'Ruang 1', 12),
('A1J014052', '13a', 'Drs. Muhammad Izzudin, M.Pd', 'Drs.Rizkan,M.Pd', '195401221986091001', '195511021982031006', '08:30:00', '2018-02-28', 'selesai', 'Ruang 2', 13),
('A1J014044', '14a', 'Drs. Rufran Zulkarnain,M.Pd', 'Dr.M.Ilham Abdullah,M.Pd', '195910051985031006', '195911101989031004', '09:30:00', '2018-03-13', 'selesai', 'Ruang 2', 14),
('A1J014036', '15a', 'Drs. Parlan, M.Pd', 'Ririn Gusti, M.Pd.I  ', '195812191984031002', '198808312014042001', '13:00:00', '2018-03-22', 'selesai', 'Ruang 1', 15),
('A1J014008', '16a', 'Drs.Rizkan,M.Pd', 'Drs. Rufran Zulkarnain,M.Pd', '195511021982031006', '195910051985031006', '13:00:00', '2018-03-22', 'selesai', 'Ruang 2', 16),
('A1J014057', '17a', 'Dr.M.Ilham Abdullah,M.Pd', 'Drs. Suardi Jasma,M.Pd', '195911101989031004', '195711281986031004', '14:00:00', '2018-04-24', 'selesai', 'Ruang 2', 17),
('A1J014004', '18a', 'Drs. Rufran Zulkarnain,M.Pd', 'Drs. Muhammad Izzudin, M.Pd', '195910051985031006', '195401221986091001', '14:00:00', '2018-04-24', 'selesai', 'Ruang 2', 18),
('A1J014025', '19a', 'Dr.M.Ilham Abdullah,M.Pd', 'Drs. Agus Zainal Rachmat.M.Pd', '195911101989031004', '195804071985031001', '15:00:00', '2018-04-24', 'selesai', 'Ruang 2', 19),
('A1J014038', '1a', 'Dr.M.Ilham Abdullah,M.Pd', 'Ririn Gusti, M.Pd.I  ', '195911101989031004', '198808312014042001', '09:00:00', '2018-02-11', 'selesai', 'Ruang 2', 1),
('A1J014023', '20a', 'Drs. Sofino, M.Pd', 'Drs. Muhammad Izzudin, M.Pd', '196211121988031001', '195401221986091001', '10:00:00', '2018-05-09', 'selesai', 'Ruang 2', 20),
('A1J014022', '21a', 'Drs. Suardi Jasma,M.Pd', 'Drs.Rizkan,M.Pd', '195711281986031004', '195511021982031006', '11:00:00', '2018-05-09', 'selesai', 'Ruang 2', 21),
('A1J014041', '22a', 'Dr.M.Ilham Abdullah,M.Pd', 'Drs. Parlan, M.Pd', '195911101989031004', '195812191984031002', '09:00:00', '2018-05-01', 'selesai', 'Ruang 1', 22),
('A1J014012', '23a', 'Dr.M.Ilham Abdullah,M.Pd', 'Drs. Parlan, M.Pd', '195911101989031004', '195812191984031002', '10:00:00', '2018-05-01', 'selesai', 'Ruang 2', 23),
('A1J014051', '24a', 'Drs. Suardi Jasma,M.Pd', 'Drs. Wahiruddin Wadin, M.Pd', '195711281986031004', '195506161985031001', '10:00:00', '2018-05-05', 'selesai', 'Ruang 2', 24),
('A1J014011', '25a', 'Drs. Wahiruddin Wadin, M.Pd', 'Ririn Gusti, M.Pd.I  ', '195506161985031001', '198808312014042001', '09:00:00', '2018-05-24', 'selesai', 'Ruang 1', 25),
('A1J014035', '26a', 'Drs. Agus Zainal Rachmat.M.Pd', 'Drs. Wahiruddin Wadin, M.Pd', '195804071985031001', '195506161985031001', '10:00:00', '2018-05-24', 'selesai', 'Ruang 2', 26),
('A1J014005', '27a', 'Drs. Rufran Zulkarnain,M.Pd', 'Drs. Parlan, M.Pd', '195910051985031006', '195812191984031002', '09:00:00', '2018-05-24', 'selesai', 'Ruang 1', 27),
('A1J014053', '28a', 'Drs. Wahiruddin Wadin, M.Pd', 'Drs. Agus Zainal Rachmat.M.Pd', '195506161985031001', '195804071985031001', '09:00:00', '2018-06-03', 'selesai', 'Ruang 2', 28),
('A1J014063', '29a', 'Ririn Gusti, M.Pd.I  ', 'Dr.M.Ilham Abdullah,M.Pd', '198808312014042001', '195911101989031004', '10:00:00', '2018-06-03', 'selesai', 'Ruang 2', 29),
('A1J014034', '2a', 'Drs. Sofino, M.Pd', 'Drs.Rizkan,M.Pd', '196211121988031001', '195511021982031006', '10:00:00', '2018-02-27', 'selesai', 'Ruang 2', 2),
('A1J014040', '30a', 'Drs. Parlan, M.Pd', 'Drs. Rufran Zulkarnain,M.Pd', '195812191984031002', '195910051985031006', '09:00:00', '2018-06-03', 'selesai', 'Ruang 2', 30),
('A1J014030', '31a', 'Drs. Parlan, M.Pd', 'Drs. Rufran Zulkarnain,M.Pd', '195812191984031002', '195910051985031006', '10:00:00', '2018-06-03', 'selesai', 'Ruang 2', 31),
('A1J014047', '32a', 'Dr.M.Ilham Abdullah,M.Pd', 'Drs.Rizkan,M.Pd', '195911101989031004', '195511021982031006', '11:00:00', '2018-06-03', 'selesai', 'Ruang 2', 32),
('A1J014033', '33a', 'Drs. Wahiruddin Wadin, M.Pd', 'Drs. Agus Zainal Rachmat.M.Pd', '195506161985031001', '195804071985031001', '13:00:00', '2018-06-21', 'selesai', 'Ruang 2', 33),
('A1J014072', '34a', 'Drs. Rufran Zulkarnain,M.Pd', 'Drs. Agus Zainal Rachmat.M.Pd', '195910051985031006', '195804071985031001', '14:00:00', '2018-06-21', 'selesai', 'Ruang 2', 34),
('A1J014066', '35a', 'Drs. Parlan, M.Pd', 'Drs. Rufran Zulkarnain,M.Pd', '195812191984031002', '195910051985031006', '10:00:00', '2018-06-21', 'selesai', 'Ruang 2', 35),
('A1J014015', '36a', 'Drs. Sofino, M.Pd', 'Dr.M.Ilham Abdullah,M.Pd', '196211121988031001', '195911101989031004', '11:00:00', '2018-06-28', 'selesai', 'Ruang 1', 36),
('A1J014048', '37a', 'Drs.Rizkan,M.Pd', 'Drs. Rufran Zulkarnain,M.Pd', '195511021982031006', '195910051985031006', '13:00:00', '2018-06-28', 'selesai', 'Ruang 1', 37),
('A1J014050', '38a', 'Dr.M.Ilham Abdullah,M.Pd', 'Drs. Suardi Jasma,M.Pd', '195911101989031004', '195711281986031004', '14:00:00', '2018-06-28', 'selesai', 'Ruang 2', 38),
('A1J014037', '39a', 'Drs. Agus Zainal Rachmat.M.Pd', 'Drs. Parlan, M.Pd', '195804071985031001', '195812191984031002', '11:00:00', '2018-06-12', 'selesai', 'Ruang 2', 39),
('A1J014003', '3a', 'Drs. Muhammad Izzudin, M.Pd', 'Drs. Parlan, M.Pd', '195401221986091001', '195812191984031002', '09:00:00', '2018-02-20', 'selesai', 'Ruang 1', 3),
('A1J014007', '40a', 'Drs. Suardi Jasma,M.Pd', 'Ririn Gusti, M.Pd.I  ', '195711281986031004', '198808312014042001', '08:30:00', '2018-08-06', 'selesai', 'Ruang 1', 40),
('A1J014056', '41a', 'Drs.Rizkan,M.Pd', 'Ririn Gusti, M.Pd.I  ', '195511021982031006', '198808312014042001', '09:00:00', '2018-10-19', 'selesai', 'Ruang 2', 41),
('A1J014045', '42a', 'Drs.Rizkan,M.Pd', 'Drs. Wahiruddin Wadin, M.Pd', '195511021982031006', '195506161985031001', '10:00:00', '2018-10-26', 'selesai', 'Ruang 2', 42),
('A1J014058', '43a', 'Drs. Parlan, M.Pd', 'Drs. Agus Zainal Rachmat.M.Pd', '195812191984031002', '195804071985031001', '08:30:00', '2018-12-12', 'selesai', 'Ruang 1', 43),
('A1J014019', '44a', 'Drs.Rizkan,M.Pd', 'Drs. Suardi Jasma,M.Pd', '195511021982031006', '195711281986031004', '08:30:00', '2018-12-12', 'selesai', 'Ruang 2', 44),
('A1J015037', '45a', 'Ririn Gusti, M.Pd.I  ', 'Drs. Agus Zainal Rachmat.M.Pd', '198808312014042001', '195804071985031001', '09:00:00', '2019-02-11', 'selesai', 'Ruang 2', 45),
('A1J014064', '46a', 'Drs. Suardi Jasma,M.Pd', 'Drs. Sofino, M.Pd', '195711281986031004', '196211121988031001', '14:00:00', '2019-02-28', 'selesai', 'Ruang 1', 46),
('A1J015023', '47a', 'Drs. Agus Zainal Rachmat.M.Pd', 'Drs. Parlan, M.Pd', '195804071985031001', '195812191984031002', '13:00:00', '2019-03-28', 'selesai', 'Ruang 2', 47),
('A1J014065', '48a', 'Drs. Parlan, M.Pd', 'Drs. Wahiruddin Wadin, M.Pd', '195812191984031002', '195506161985031001', '09:00:00', '2019-02-28', 'selesai', 'Ruang 2', 48),
('A1J014059', '49a', 'Drs. Sofino, M.Pd', 'Ririn Gusti, M.Pd.I  ', '196211121988031001', '198808312014042001', '08:00:00', '2019-02-27', 'selesai', 'Ruang 1', 49),
('A1J014028', '4a', 'Drs. Sofino, M.Pd', 'Drs. Parlan, M.Pd', '196211121988031001', '195812191984031002', '10:00:00', '2018-02-16', 'selesai', 'Ruang 2', 4),
('A1J015031', '50a', 'Drs. Sofino, M.Pd', 'Drs. Agus Zainal Rachmat.M.Pd', '196211121988031001', '195804071985031001', '13:00:00', '2019-04-11', 'selesai', 'Ruang 2', 50),
('A1J014055', '51a', 'Drs. Sofino, M.Pd', 'Drs. Suardi Jasma,M.Pd', '196211121988031001', '195711281986031004', '12:00:00', '2019-04-11', 'selesai', 'Ruang 2', 51),
('A1J013064', '52a', 'Dr.M.Ilham Abdullah,M.Pd', 'Ririn Gusti, M.Pd.I  ', '195911101989031004', '198808312014042001', '11:00:00', '2019-04-17', 'selesai', 'Ruang 1', 52),
('A1J015024', '53a', 'Drs. Sofino, M.Pd', 'Drs. Suardi Jasma,M.Pd', '196211121988031001', '195711281986031004', '10:00:00', '2019-04-20', 'selesai', 'Ruang 2', 53),
('A1J015020', '54a', 'Drs. Sofino, M.Pd', 'Drs. Suardi Jasma,M.Pd', '196211121988031001', '195711281986031004', '12:30:00', '2019-04-20', 'selesai', 'Ruang 2', 54),
('A1J015030', '55a', 'Drs.Rizkan,M.Pd', 'Drs. Rufran Zulkarnain,M.Pd', '195511021982031006', '195910051985031006', '12:30:00', '2019-04-09', 'selesai', 'Ruang 2', 55),
('A1J015021', '56a', 'Drs. Rufran Zulkarnain,M.Pd', 'Drs.Rizkan,M.Pd', '195910051985031006', '195511021982031006', '11:00:00', '2019-04-09', 'selesai', 'Ruang 2', 56),
('A1J015005', '57a', 'Ririn Gusti, M.Pd.I  ', 'Drs.Rizkan,M.Pd', '198808312014042001', '195511021982031006', '10:00:00', '2019-05-08', 'selesai', 'Ruang 2', 57),
('A1J014010', '58a', 'Drs. Sofino, M.Pd', 'Ririn Gusti, M.Pd.I  ', '196211121988031001', '198808312014042001', '10:30:00', '2019-03-20', 'selesai', 'Ruang 2', 58),
('A1J014031', '59a', 'Drs. Sofino, M.Pd', 'Ririn Gusti, M.Pd.I  ', '196211121988031001', '198808312014042001', '09:30:00', '2019-05-24', 'selesai', 'Ruang 1', 59),
('A1J014032', '5a', 'Drs. Agus Zainal Rachmat.M.Pd', 'Drs. Suardi Jasma,M.Pd', '195804071985031001', '195711281986031004', '11:00:00', '2018-02-16', 'selesai', 'Ruang 2', 5),
('A1J015018', '60a', 'Drs. Suardi Jasma,M.Pd', 'Drs. Rufran Zulkarnain,M.Pd', '195711281986031004', '195910051985031006', '08:30:00', '2019-05-24', 'selesai', 'Ruang 2', 60),
('A1J015011', '61a', 'Ririn Gusti, M.Pd.I  ', 'Drs. Agus Zainal Rachmat.M.Pd', '198808312014042001', '195804071985031001', '10:00:00', '2019-05-09', 'selesai', 'Ruang 2', 61),
('A1J014039', '62a', 'Drs. Parlan, M.Pd', 'Drs. Agus Zainal Rachmat.M.Pd', '195812191984031002', '195804071985031001', '10:00:00', '2019-04-15', 'selesai', 'Ruang 1', 62),
('A1J015025', '63a', 'Drs. Wahiruddin Wadin, M.Pd', 'Dr.M.Ilham Abdullah,M.Pd', '195506161985031001', '195911101989031004', '09:00:00', '2019-06-18', 'selesai', 'Ruang 2', 63),
('A1J015032', '64a', 'Drs. Sofino, M.Pd', 'Drs. Suardi Jasma,M.Pd', '196211121988031001', '195711281986031004', '10:00:00', '2019-07-01', 'selesai', 'Ruang 1', 64),
('A1J015007', '65a', 'Drs. Parlan, M.Pd', 'Drs.Rizkan,M.Pd', '195812191984031002', '195511021982031006', '08:30:00', '2019-05-27', 'selesai', 'Ruang 2', 65),
('A1J015019', '66a', 'Drs. Rufran Zulkarnain,M.Pd', 'Drs.Rizkan,M.Pd', '195910051985031006', '195511021982031006', '08:30:00', '2019-06-24', 'selesai', 'Ruang 2', 66),
('A1J014001', '6a', 'Drs. Parlan, M.Pd', 'Ririn Gusti, M.Pd.I  ', '195812191984031002', '198808312014042001', '12:30:00', '2018-02-16', 'selesai', 'Ruang 1', 6),
('A1J891221', '72a', 'Drs. Muhammad Izzudi', 'Drs. Rizkan, M.Kes', '195401221986091001', '195511021982031006', '11:11:00', '2020-01-22', 'proses', 'Ruang1', 72),
('A1J013030', '73a', 'Drs. Agus Zainal Rac', 'Drs. Rufran Zulkarna', '195804071985031001', '195910051985031006', '14:21:00', '2020-08-23', 'selesai', 'Ruang1', 73),
('A1J012020', '76a', 'Drs. Muhammad Izzudi', 'Drs. Rizkan, M.Kes', '195401221986091001', '195511021982031006', '00:21:00', '2020-08-24', 'selesai', 'Ruang1', 76),
('A1J014049', '7a', 'Drs.Rizkan,M.Pd', 'Drs. Parlan, M.Pd', '195511021982031006', '195812191984031002', '09:00:00', '2018-02-19', 'selesai', 'Ruang1', 7),
('A1J014073', '8a', 'Drs. Wahiruddin Wadin, M.Pd', 'Drs. Muhammad Izzudin, M.Pd', '195506161985031001', '195401221986091001', '10:00:00', '2018-02-01', 'selesai', 'Ruang 2', 8),
('A1J014070', '9a', 'Dr.M.Ilham Abdullah,M.Pd', 'Drs. Sofino, M.Pd', '195911101989031004', '196211121988031001', '11:00:00', '2018-03-01', 'selesai', 'Ruang 1', 9);

-- --------------------------------------------------------

--
-- Table structure for table `semprop`
--

CREATE TABLE `semprop` (
  `npm` varchar(9) DEFAULT NULL,
  `id_semprop` varchar(11) NOT NULL,
  `nama_pg1` varchar(50) NOT NULL,
  `nama_pg2` varchar(50) NOT NULL,
  `pg1` varchar(50) DEFAULT NULL,
  `pg2` varchar(50) DEFAULT NULL,
  `pukul` time DEFAULT NULL,
  `tanggal` date NOT NULL,
  `status` enum('proses','daftar','selesai','gagal') DEFAULT NULL,
  `ruang` varchar(50) NOT NULL,
  `id_bimbing` int(11) DEFAULT NULL
) ENGINE=InnoDB DEFAULT CHARSET=latin1;

--
-- Dumping data for table `semprop`
--

INSERT INTO `semprop` (`npm`, `id_semprop`, `nama_pg1`, `nama_pg2`, `pg1`, `pg2`, `pukul`, `tanggal`, `status`, `ruang`, `id_bimbing`) VALUES
('A1J014038', '1', 'Dr.M.Ilham Abdullah,M.Pd', 'Ririn Gusti, M.Pd.I  ', '195911101989031004', '198808312014042001', '09:00:00', '2018-01-11', 'selesai', 'Ruang 2', 1),
('A1J014029', '10', 'Drs. Sofino, M.Pd', 'Drs. Muhammad Izzudin, M.Pd', '195511021982031006', '195401221986091001', '12:30:00', '2018-01-10', 'selesai', 'Ruang 2', 10),
('A1J014002', '11', 'Ririn Gusti, M.Pd.I  ', 'Drs. Muhammad Izzudin, M.Pd', '198808312014042001', '195401221986091001', '15:00:00', '2018-01-17', 'selesai', 'Ruang 2', 11),
('A1J014062', '12', 'Dr.M.Ilham Abdullah,M.Pd', 'Drs. Agus Zainal Rachmat.M.Pd', '195911101989031004', '195804071985031001', '16:00:00', '2018-01-09', 'selesai', 'Ruang 1', 12),
('A1J014052', '13', 'Drs. Muhammad Izzudin, M.Pd', 'Drs.Rizkan,M.Pd', '195401221986091001', '195511021982031006', '08:30:00', '2018-01-04', 'selesai', 'Ruang 2', 13),
('A1J014044', '14', 'Drs. Rufran Zulkarnain,M.Pd', 'Dr.M.Ilham Abdullah,M.Pd', '195910051985031006', '195911101989031004', '09:30:00', '2018-01-16', 'selesai', 'Ruang 2', 14),
('A1J014036', '15', 'Drs. Parlan, M.Pd', 'Ririn Gusti, M.Pd.I  ', '195812191984031002', '198808312014042001', '13:00:00', '2018-01-17', 'selesai', 'Ruang 1', 15),
('A1J014008', '16', 'Drs.Rizkan,M.Pd', 'Drs. Rufran Zulkarnain,M.Pd', '195511021982031006', '195910051985031006', '13:00:00', '2018-01-10', 'selesai', 'Ruang 2', 16),
('A1J014057', '17', 'Dr.M.Ilham Abdullah,M.Pd', 'Drs. Suardi Jasma,M.Pd', '195911101989031004', '195711281986031004', '14:00:00', '2018-01-04', 'selesai', 'Ruang 2', 17),
('A1J014004', '18', 'Drs. Rufran Zulkarnain,M.Pd', 'Drs. Muhammad Izzudin, M.Pd', '195910051985031006', '195401221986091001', '14:00:00', '2018-01-24', 'selesai', 'Ruang 2', 18),
('A1J014025', '19', 'Dr.M.Ilham Abdullah,M.Pd', 'Drs. Agus Zainal Rachmat.M.Pd', '195911101989031004', '195804071985031001', '15:00:00', '2018-01-10', 'selesai', 'Ruang 2', 19),
('A1J014034', '2', 'Drs. Sofino, M.Pd', 'Drs.Rizkan,M.Pd', '196211121988031001', '195511021982031006', '10:00:00', '2018-01-11', 'selesai', 'Ruang 2', 2),
('A1J014023', '20', 'Drs. Sofino, M.Pd', 'Drs. Muhammad Izzudin, M.Pd', '196211121988031001', '195401221986091001', '10:00:00', '2018-01-24', 'selesai', 'Ruang 2', 20),
('A1J014022', '21', 'Drs. Suardi Jasma,M.Pd', 'Drs.Rizkan,M.Pd', '195711281986031004', '195511021982031006', '11:00:00', '2017-01-25', 'selesai', 'Ruang 2', 21),
('A1J014041', '22', 'Dr.M.Ilham Abdullah,M.Pd', 'Drs. Parlan, M.Pd', '195911101989031004', '195812191984031002', '09:00:00', '2018-01-29', 'selesai', 'Ruang 1', 22),
('A1J014012', '23', 'Dr.M.Ilham Abdullah,M.Pd', 'Drs. Parlan, M.Pd', '195911101989031004', '195812191984031002', '10:00:00', '2018-01-26', 'selesai', 'Ruang 2', 23),
('A1J014051', '24', 'Drs. Suardi Jasma,M.Pd', 'Drs. Wahiruddin Wadin, M.Pd', '195711281986031004', '195506161985031001', '10:00:00', '2018-01-16', 'selesai', 'Ruang 2', 24),
('A1J014011', '25', 'Drs. Wahiruddin Wadin, M.Pd', 'Ririn Gusti, M.Pd.I  ', '195506161985031001', '198808312014042001', '09:00:00', '2018-01-25', 'selesai', 'Ruang 1', 25),
('A1J014035', '26', 'Drs. Agus Zainal Rachmat.M.Pd', 'Drs. Wahiruddin Wadin, M.Pd', '195804071985031001', '195506161985031001', '10:00:00', '2018-01-26', 'selesai', 'Ruang 2', 26),
('A1J014005', '27', 'Drs. Rufran Zulkarnain,M.Pd', 'Drs. Parlan, M.Pd', '195910051985031006', '195812191984031002', '09:00:00', '2018-01-29', 'selesai', 'Ruang 1', 27),
('A1J014053', '28', 'Drs. Wahiruddin Wadin, M.Pd', 'Drs. Agus Zainal Rachmat.M.Pd', '195506161985031001', '195804071985031001', '09:00:00', '2018-01-25', 'selesai', 'Ruang 2', 28),
('A1J014063', '29', 'Ririn Gusti, M.Pd.I  ', 'Dr.M.Ilham Abdullah,M.Pd', '198808312014042001', '195911101989031004', '10:00:00', '2018-02-23', 'selesai', 'Ruang 2', 29),
('A1J014003', '3', 'Drs. Muhammad Izzudin, M.Pd', 'Drs. Parlan, M.Pd', '195401221986091001', '195812191984031002', '09:00:00', '2018-01-04', 'selesai', 'Ruang 1', 3),
('A1J014040', '30', 'Drs. Parlan, M.Pd', 'Drs. Rufran Zulkarnain,M.Pd', '195812191984031002', '195910051985031006', '09:00:00', '2018-01-16', 'selesai', 'Ruang 2', 30),
('A1J014030', '31', 'Drs. Parlan, M.Pd', 'Drs. Rufran Zulkarnain,M.Pd', '195812191984031002', '195910051985031006', '10:00:00', '2018-03-01', 'selesai', 'Ruang 2', 31),
('A1J014047', '32', 'Dr.M.Ilham Abdullah,M.Pd', 'Drs.Rizkan,M.Pd', '195911101989031004', '195511021982031006', '11:00:00', '2018-03-29', 'selesai', 'Ruang 2', 32),
('A1J014033', '33', 'Drs. Wahiruddin Wadin, M.Pd', 'Drs. Agus Zainal Rachmat.M.Pd', '195506161985031001', '195804071985031001', '13:00:00', '2018-03-07', 'selesai', 'Ruang 2', 33),
('A1J014072', '34', 'Drs. Rufran Zulkarnain,M.Pd', 'Drs. Agus Zainal Rachmat.M.Pd', '195910051985031006', '195804071985031001', '14:00:00', '2018-01-24', 'selesai', 'Ruang 2', 34),
('A1J014066', '35', 'Drs. Parlan, M.Pd', 'Drs. Rufran Zulkarnain,M.Pd', '195812191984031002', '195910051985031006', '10:00:00', '2018-03-01', 'selesai', 'Ruang 2', 35),
('A1J014015', '36', 'Drs. Sofino, M.Pd', 'Dr.M.Ilham Abdullah,M.Pd', '196211121988031001', '195911101989031004', '11:00:00', '2018-03-06', 'selesai', 'Ruang 1', 36),
('A1J014048', '37', 'Drs.Rizkan,M.Pd', 'Drs. Rufran Zulkarnain,M.Pd', '195511021982031006', '195910051985031006', '13:00:00', '2018-01-29', 'selesai', 'Ruang 1', 37),
('A1J014050', '38', 'Dr.M.Ilham Abdullah,M.Pd', 'Drs. Suardi Jasma,M.Pd', '195911101989031004', '195711281986031004', '14:00:00', '2018-02-22', 'selesai', 'Ruang 2', 38),
('A1J014037', '39', 'Drs. Agus Zainal Rachmat.M.Pd', 'Drs. Parlan, M.Pd', '195804071985031001', '195812191984031002', '11:00:00', '2018-03-22', 'selesai', 'Ruang 2', 39),
('A1J014028', '4', 'Drs. Sofino, M.Pd', 'Drs. Parlan, M.Pd', '196211121988031001', '195812191984031002', '10:00:00', '2018-01-11', 'selesai', 'Ruang 2', 4),
('A1J014007', '40', 'Drs. Suardi Jasma,M.Pd', 'Ririn Gusti, M.Pd.I  ', '195711281986031004', '198808312014042001', '08:30:00', '2018-03-28', 'selesai', 'Ruang 1', 40),
('A1J014056', '41', 'Drs.Rizkan,M.Pd', 'Ririn Gusti, M.Pd.I  ', '195511021982031006', '198808312014042001', '09:00:00', '2018-04-23', 'selesai', 'Ruang 2', 41),
('A1J014045', '42', 'Drs.Rizkan,M.Pd', 'Drs. Wahiruddin Wadin, M.Pd', '195511021982031006', '195506161985031001', '10:00:00', '2018-03-14', 'selesai', 'Ruang 2', 42),
('A1J014058', '43', 'Drs. Parlan, M.Pd', 'Drs. Agus Zainal Rachmat.M.Pd', '195812191984031002', '195804071985031001', '08:30:00', '2018-07-18', 'selesai', 'Ruang 1', 43),
('A1J014019', '44', 'Drs.Rizkan,M.Pd', 'Drs. Suardi Jasma,M.Pd', '195511021982031006', '195711281986031004', '08:30:00', '2018-08-10', 'selesai', 'Ruang 2', 44),
('A1J015037', '45', 'Ririn Gusti, M.Pd.I  ', 'Drs. Agus Zainal Rachmat.M.Pd', '198808312014042001', '195804071985031001', '09:00:00', '2018-12-31', 'selesai', 'Ruang 2', 45),
('A1J014064', '46', 'Drs. Suardi Jasma,M.Pd', 'Drs. Sofino, M.Pd', '195711281986031004', '196211121988031001', '14:00:00', '2018-10-05', 'selesai', 'Ruang 1', 46),
('A1J015023', '47', 'Drs. Agus Zainal Rachmat.M.Pd', 'Drs. Parlan, M.Pd', '195804071985031001', '195812191984031002', '13:00:00', '2019-01-10', 'selesai', 'Ruang 2', 47),
('A1J014065', '48', 'Drs. Parlan, M.Pd', 'Drs. Wahiruddin Wadin, M.Pd', '195812191984031002', '195506161985031001', '09:00:00', '2018-10-09', 'selesai', 'Ruang 2', 48),
('A1J014059', '49', 'Drs. Sofino, M.Pd', 'Ririn Gusti, M.Pd.I  ', '196211121988031001', '198808312014042001', '08:00:00', '2018-10-09', 'selesai', 'Ruang 1', 49),
('A1J014032', '5', 'Drs. Agus Zainal Rachmat.M.Pd', 'Drs. Suardi Jasma,M.Pd', '195804071985031001', '195711281986031004', '11:00:00', '2018-01-11', 'selesai', 'Ruang 2', 5),
('A1J015031', '50', 'Drs. Sofino, M.Pd', 'Drs. Agus Zainal Rachmat.M.Pd', '196211121988031001', '195804071985031001', '13:00:00', '2019-01-21', 'selesai', 'Ruang 2', 50),
('A1J014055', '51', 'Drs. Sofino, M.Pd', 'Drs. Suardi Jasma,M.Pd', '196211121988031001', '195711281986031004', '12:00:00', '2018-11-01', 'selesai', 'Ruang 2', 51),
('A1J013064', '52', 'Dr.M.Ilham Abdullah,M.Pd', 'Ririn Gusti, M.Pd.I  ', '195911101989031004', '198808312014042001', '11:00:00', '2018-11-21', 'selesai', 'Ruang 1', 52),
('A1J015024', '53', 'Drs. Sofino, M.Pd', 'Drs. Suardi Jasma,M.Pd', '196211121988031001', '195711281986031004', '10:00:00', '2019-02-12', 'selesai', 'Ruang 2', 53),
('A1J015020', '54', 'Drs. Sofino, M.Pd', 'Drs. Suardi Jasma,M.Pd', '196211121988031001', '195711281986031004', '12:30:00', '2019-02-14', 'selesai', 'Ruang 2', 54),
('A1J015030', '55', 'Drs.Rizkan,M.Pd', 'Drs. Rufran Zulkarnain,M.Pd', '195511021982031006', '195910051985031006', '12:30:00', '2019-02-11', 'selesai', 'Ruang 2', 55),
('A1J015021', '56', 'Drs. Rufran Zulkarnain,M.Pd', 'Drs.Rizkan,M.Pd', '195910051985031006', '195511021982031006', '11:00:00', '2019-02-12', 'selesai', 'Ruang 2', 56),
('A1J015005', '57', 'Ririn Gusti, M.Pd.I  ', 'Drs.Rizkan,M.Pd', '198808312014042001', '195511021982031006', '10:00:00', '2019-01-16', 'selesai', 'Ruang 2', 57),
('A1J014010', '58', 'Drs. Sofino, M.Pd', 'Ririn Gusti, M.Pd.I  ', '196211121988031001', '198808312014042001', '10:30:00', '2018-09-20', 'selesai', 'Ruang 2', 58),
('A1J014031', '59', 'Drs. Sofino, M.Pd', 'Ririn Gusti, M.Pd.I  ', '196211121988031001', '198808312014042001', '09:30:00', '2018-11-01', 'selesai', 'Ruang 1', 59),
('A1J014001', '6', 'Drs. Parlan, M.Pd', 'Ririn Gusti, M.Pd.I  ', '195812191984031002', '198808312014042001', '12:30:00', '2018-01-09', 'selesai', 'Ruang 1', 6),
('A1J015018', '60', 'Drs. Suardi Jasma,M.Pd', 'Drs. Rufran Zulkarnain,M.Pd', '195711281986031004', '195910051985031006', '08:30:00', '2019-02-12', 'selesai', 'Ruang 2', 60),
('A1J015011', '61', 'Ririn Gusti, M.Pd.I  ', 'Drs. Agus Zainal Rachmat.M.Pd', '198808312014042001', '195804071985031001', '10:00:00', '2019-03-05', 'selesai', 'Ruang 2', 61),
('A1J014039', '62', 'Drs. Parlan, M.Pd', 'Drs. Agus Zainal Rachmat.M.Pd', '195812191984031002', '195804071985031001', '10:00:00', '2018-10-05', 'selesai', 'Ruang 1', 62),
('A1J015025', '63', 'Drs. Wahiruddin Wadin, M.Pd', 'Dr.M.Ilham Abdullah,M.Pd', '195506161985031001', '195911101989031004', '09:00:00', '2019-04-15', 'selesai', 'Ruang 2', 63),
('A1J015032', '64', 'Drs. Sofino, M.Pd', 'Drs. Suardi Jasma,M.Pd', '196211121988031001', '195711281986031004', '10:00:00', '2019-02-12', 'selesai', 'Ruang 1', 64),
('A1J015007', '65', 'Drs. Parlan, M.Pd', 'Drs.Rizkan,M.Pd', '195812191984031002', '195511021982031006', '08:30:00', '2019-03-15', 'selesai', 'Ruang 2', 65),
('A1J015019', '66', 'Dr.M.Ilham Abdullah,M.Pd', 'Ririn Gusti, M.Pd.I  ', '195911101989031004', '198808312014042001', '09:00:00', '2018-01-11', 'selesai', 'Ruang 2', 66),
('A1J014049', '7', 'Drs.Rizkan,M.Pd', 'Drs. Parlan, M.Pd', '195511021982031006', '195812191984031002', '09:00:00', '2018-01-04', 'selesai', 'Ruang 2', 7),
('A1J891221', '72', 'Drs. Muhammad Izzudi', 'Drs. Rizkan, M.Kes', '195401221986091001', '195511021982031006', '11:01:00', '2020-01-17', 'proses', 'Ruang1', 72),
('A1J013030', '73', 'Drs. Muhammad Izzudi', 'Drs. Rizkan, M.Kes', '195401221986091001', '195511021982031006', '18:21:00', '2020-08-26', 'selesai', 'Ruang1', 73),
('A1J010000', '74', 'Drs. Rizkan, M.Kes', 'Drs. Parlan, M.Pd', '195511021982031006', '195812191984031002', '11:11:00', '2020-08-29', 'selesai', 'Ruang2', 74),
('A1J012112', '75', 'Dr. Ilham Abdullah, ', 'Drs. Agus Zainal Rac', '195911101989031004', '195804071985031001', '12:21:00', '2020-08-30', 'proses', 'Ruang1', 75),
('A1J012020', '76', 'Drs. Rizkan, M.Kes', 'Drs. Agus Zainal Rac', '195511021982031006', '195804071985031001', '02:12:00', '2020-08-23', 'proses', 'Ruang1', 76),
('A1J014073', '8', 'Drs. Wahiruddin Wadin, M.Pd', 'Drs. Muhammad Izzudin, M.Pd', '195506161985031001', '195401221986091001', '10:00:00', '2018-01-09', 'selesai', 'Ruang 2', 8),
('A1J014070', '9', 'Dr.M.Ilham Abdullah,M.Pd', 'Drs. Sofino, M.Pd', '195911101989031004', '196211121988031001', '11:00:00', '2020-01-10', 'selesai', 'Ruang 1', 9);

-- --------------------------------------------------------

--
-- Table structure for table `sidang`
--

CREATE TABLE `sidang` (
  `npm` varchar(9) DEFAULT NULL,
  `id_sidang` varchar(11) NOT NULL,
  `nama_pg1` varchar(50) NOT NULL,
  `nama_pg2` varchar(50) NOT NULL,
  `pg1` varchar(50) DEFAULT NULL,
  `pg2` varchar(50) DEFAULT NULL,
  `pukul` time DEFAULT NULL,
  `tanggal3` date NOT NULL,
  `status` enum('proses','daftar','selesai','gagal') DEFAULT NULL,
  `ruang` varchar(50) NOT NULL,
  `id_bimbing` int(11) DEFAULT NULL
) ENGINE=InnoDB DEFAULT CHARSET=latin1;

--
-- Dumping data for table `sidang`
--

INSERT INTO `sidang` (`npm`, `id_sidang`, `nama_pg1`, `nama_pg2`, `pg1`, `pg2`, `pukul`, `tanggal3`, `status`, `ruang`, `id_bimbing`) VALUES
('A1J014029', '10b', 'Drs. Sofino, M.Pd', 'Drs. Muhammad Izzudin, M.Pd', '196211121988031001', '195401221986091001', '12:30:00', '2018-03-21', 'selesai', 'Ruang 2', 10),
('A1J014002', '11b', 'Ririn Gusti, M.Pd.I  ', 'Drs. Muhammad Izzudin, M.Pd', '198808312014042001', '195401221986091001', '15:00:00', '2018-03-23', 'selesai', 'Ruang 2', 11),
('A1J014062', '12b', 'Dr.M.Ilham Abdullah,M.Pd', 'Drs. Agus Zainal Rachmat.M.Pd', '195911101989031004', '195804071985031001', '16:00:00', '2018-03-23', 'selesai', 'Ruang 1', 12),
('A1J014052', '13b', 'Drs. Muhammad Izzudin, M.Pd', 'Drs.Rizkan,M.Pd', '195401221986091001', '195511021982031006', '08:30:00', '2018-03-26', 'selesai', 'Ruang 2', 13),
('A1J014044', '14b', 'Drs. Rufran Zulkarnain,M.Pd', 'Dr.M.Ilham Abdullah,M.Pd', '195910051985031006', '195911101989031004', '09:30:00', '2018-03-26', 'selesai', 'Ruang 2', 14),
('A1J014036', '15b', 'Drs. Parlan, M.Pd', 'Ririn Gusti, M.Pd.I  ', '195812191984031002', '198808312014042001', '13:00:00', '2018-04-16', 'selesai', 'Ruang 1', 15),
('A1J014008', '16b', 'Drs.Rizkan,M.Pd', 'Drs. Rufran Zulkarnain,M.Pd', '195511021982031006', '195910051985031006', '13:00:00', '2018-05-03', 'selesai', 'Ruang 2', 16),
('A1J014057', '17b', 'Dr.M.Ilham Abdullah,M.Pd', 'Drs. Suardi Jasma,M.Pd', '195911101989031004', '195711281986031004', '14:00:00', '2018-05-03', 'selesai', 'Ruang 2', 17),
('A1J014004', '18b', 'Drs. Rufran Zulkarnain,M.Pd', 'Drs. Muhammad Izzudin, M.Pd', '195910051985031006', '195401221986091001', '14:00:00', '2018-05-09', 'selesai', 'Ruang 2', 18),
('A1J014025', '19b', 'Dr.M.Ilham Abdullah,M.Pd', 'Drs. Agus Zainal Rachmat.M.Pd', '195911101989031004', '195804071985031001', '15:00:00', '2018-05-09', 'selesai', 'Ruang 2', 19),
('A1J014038', '1b', 'Dr.M.Ilham Abdullah,M.Pd', 'Ririn Gusti, M.Pd.I  ', '195911101989031004', '198808312014042001', '09:00:00', '2018-03-16', 'selesai', 'Ruang 2', 1),
('A1J014023', '20b', 'Drs. Sofino, M.Pd', 'Drs. Muhammad Izzudin, M.Pd', '196211121988031001', '195401221986091001', '10:00:00', '2018-05-14', 'selesai', 'Ruang 2', 20),
('A1J014022', '21b', 'Drs. Suardi Jasma,M.Pd', 'Drs.Rizkan,M.Pd', '195711281986031004', '195511021982031006', '11:00:00', '2018-05-14', 'selesai', 'Ruang 2', 21),
('A1J014041', '22b', 'Dr.M.Ilham Abdullah,M.Pd', 'Drs. Parlan, M.Pd', '195911101989031004', '195812191984031002', '09:00:00', '2018-05-24', 'selesai', 'Ruang 1', 22),
('A1J014012', '23b', 'Dr.M.Ilham Abdullah,M.Pd', 'Drs. Parlan, M.Pd', '195911101989031004', '195812191984031002', '10:00:00', '2018-05-24', 'selesai', 'Ruang 2', 23),
('A1J014051', '24b', 'Drs. Suardi Jasma,M.Pd', 'Drs. Wahiruddin Wadin, M.Pd', '195711281986031004', '195506161985031001', '10:00:00', '2018-05-31', 'selesai', 'Ruang 2', 24),
('A1J014011', '25b', 'Drs. Wahiruddin Wadin, M.Pd', 'Ririn Gusti, M.Pd.I  ', '195506161985031001', '198808312014042001', '09:00:00', '2018-06-04', 'selesai', 'Ruang 1', 25),
('A1J014035', '26b', 'Drs. Agus Zainal Rachmat.M.Pd', 'Drs. Wahiruddin Wadin, M.Pd', '195804071985031001', '195506161985031001', '10:00:00', '2018-06-04', 'selesai', 'Ruang 2', 26),
('A1J014005', '27b', 'Drs. Rufran Zulkarnain,M.Pd', 'Drs. Parlan, M.Pd', '195910051985031006', '195812191984031002', '09:00:00', '2018-06-05', 'selesai', 'Ruang 1', 27),
('A1J014053', '28b', 'Drs. Wahiruddin Wadin, M.Pd', 'Drs. Agus Zainal Rachmat.M.Pd', '195506161985031001', '195804071985031001', '09:00:00', '2018-06-29', 'selesai', 'Ruang 2', 28),
('A1J014063', '29b', 'Ririn Gusti, M.Pd.I  ', 'Dr.M.Ilham Abdullah,M.Pd', '198808312014042001', '195911101989031004', '10:00:00', '2018-06-29', 'selesai', 'Ruang 2', 29),
('A1J014034', '2b', 'Drs. Sofino, M.Pd', 'Drs.Rizkan,M.Pd', '196211121988031001', '195511021982031006', '10:00:00', '2018-03-16', 'selesai', 'Ruang 2', 2),
('A1J014040', '30b', 'Drs. Parlan, M.Pd', 'Drs. Rufran Zulkarnain,M.Pd', '195812191984031002', '195910051985031006', '09:00:00', '2018-07-09', 'selesai', 'Ruang 2', 30),
('A1J014030', '31b', 'Drs. Parlan, M.Pd', 'Drs. Rufran Zulkarnain,M.Pd', '195812191984031002', '195910051985031006', '10:00:00', '2018-07-16', 'selesai', 'Ruang 2', 31),
('A1J014047', '32b', 'Dr.M.Ilham Abdullah,M.Pd', 'Drs.Rizkan,M.Pd', '195911101989031004', '195511021982031006', '11:00:00', '2018-07-16', 'selesai', 'Ruang 2', 32),
('A1J014033', '33b', 'Drs. Wahiruddin Wadin, M.Pd', 'Drs. Agus Zainal Rachmat.M.Pd', '195506161985031001', '195804071985031001', '13:00:00', '2018-07-16', 'selesai', 'Ruang 2', 33),
('A1J014072', '34b', 'Drs. Rufran Zulkarnain,M.Pd', 'Drs. Agus Zainal Rachmat.M.Pd', '195910051985031006', '195804071985031001', '14:00:00', '2018-07-16', 'selesai', 'Ruang 2', 34),
('A1J014066', '35b', 'Drs. Parlan, M.Pd', 'Drs. Rufran Zulkarnain,M.Pd', '195812191984031002', '195910051985031006', '10:00:00', '2018-07-17', 'selesai', 'Ruang 2', 35),
('A1J014015', '36b', 'Drs. Sofino, M.Pd', 'Dr.M.Ilham Abdullah,M.Pd', '196211121988031001', '195911101989031004', '11:00:00', '2018-07-17', 'selesai', 'Ruang 1', 36),
('A1J014048', '37b', 'Drs.Rizkan,M.Pd', 'Drs. Rufran Zulkarnain,M.Pd', '195511021982031006', '195910051985031006', '13:00:00', '2018-06-22', 'selesai', 'Ruang 1', 37),
('A1J014050', '38b', 'Dr.M.Ilham Abdullah,M.Pd', 'Drs. Suardi Jasma,M.Pd', '195911101989031004', '195711281986031004', '14:00:00', '2018-07-17', 'selesai', 'Ruang 2', 38),
('A1J014037', '39b', 'Drs. Agus Zainal Rachmat.M.Pd', 'Drs. Parlan, M.Pd', '195804071985031001', '195812191984031002', '11:00:00', '2018-07-18', 'selesai', 'Ruang 2', 39),
('A1J014003', '3b', 'Drs. Muhammad Izzudin, M.Pd', 'Drs. Parlan, M.Pd', '195401221986091001', '195812191984031002', '09:00:00', '2018-03-20', 'selesai', 'Ruang 1', 3),
('A1J014007', '40b', 'Drs. Suardi Jasma,M.Pd', 'Ririn Gusti, M.Pd.I  ', '195711281986031004', '198808312014042001', '08:30:00', '2018-11-30', 'selesai', 'Ruang 1', 40),
('A1J014056', '41b', 'Drs.Rizkan,M.Pd', 'Ririn Gusti, M.Pd.I  ', '195511021982031006', '198808312014042001', '09:00:00', '2018-11-23', 'selesai', 'Ruang 2', 41),
('A1J014045', '42b', 'Drs.Rizkan,M.Pd', 'Drs. Wahiruddin Wadin, M.Pd', '195511021982031006', '195506161985031001', '10:00:00', '2018-11-30', 'selesai', 'Ruang 2', 42),
('A1J014058', '43b', 'Drs. Parlan, M.Pd', 'Drs. Agus Zainal Rachmat.M.Pd', '195812191984031002', '195804071985031001', '08:30:00', '2019-01-16', 'selesai', 'Ruang 1', 43),
('A1J014019', '44b', 'Drs.Rizkan,M.Pd', 'Drs. Suardi Jasma,M.Pd', '195511021982031006', '195711281986031004', '08:30:00', '2019-03-04', 'selesai', 'Ruang 2', 44),
('A1J015037', '45b', 'Ririn Gusti, M.Pd.I  ', 'Drs. Agus Zainal Rachmat.M.Pd', '198808312014042001', '195804071985031001', '09:00:00', '2019-03-14', 'selesai', 'Ruang 2', 45),
('A1J014064', '46b', 'Drs. Suardi Jasma,M.Pd', 'Drs. Sofino, M.Pd', '195711281986031004', '196211121988031001', '14:00:00', '2019-03-19', 'selesai', 'Ruang 1', 46),
('A1J015023', '47b', 'Drs. Agus Zainal Rachmat.M.Pd', 'Drs. Parlan, M.Pd', '195804071985031001', '195812191984031002', '13:00:00', '2019-04-25', 'selesai', 'Ruang 2', 47),
('A1J014065', '48b', 'Drs. Parlan, M.Pd', 'Drs. Wahiruddin Wadin, M.Pd', '195812191984031002', '195506161985031001', '09:00:00', '2019-04-25', 'selesai', 'Ruang 2', 48),
('A1J014059', '49b', 'Drs. Sofino, M.Pd', 'Ririn Gusti, M.Pd.I  ', '196211121988031001', '198808312014042001', '08:00:00', '2019-04-29', 'selesai', 'Ruang 1', 49),
('A1J014028', '4b', 'Drs. Sofino, M.Pd', 'Drs. Parlan, M.Pd', '196211121988031001', '195812191984031002', '10:00:00', '2018-03-20', 'selesai', 'Ruang 2', 4),
('A1J015031', '50b', 'Drs. Sofino, M.Pd', 'Drs. Agus Zainal Rachmat.M.Pd', '196211121988031001', '195804071985031001', '13:00:00', '2019-05-21', 'selesai', 'Ruang 2', 50),
('A1J014055', '51b', 'Drs. Sofino, M.Pd', 'Drs. Suardi Jasma,M.Pd', '196211121988031001', '195711281986031004', '12:00:00', '2019-05-21', 'selesai', 'Ruang 2', 51),
('A1J013064', '52b', 'Dr.M.Ilham Abdullah,M.Pd', 'Ririn Gusti, M.Pd.I  ', '195911101989031004', '198808312014042001', '11:00:00', '2019-05-22', 'selesai', 'Ruang 1', 52),
('A1J015024', '53b', 'Drs. Sofino, M.Pd', 'Drs. Suardi Jasma,M.Pd', '196211121988031001', '195711281986031004', '10:00:00', '2019-05-23', 'selesai', 'Ruang 2', 53),
('A1J015020', '54b', 'Drs. Sofino, M.Pd', 'Drs. Suardi Jasma,M.Pd', '196211121988031001', '195711281986031004', '12:30:00', '2019-05-08', 'selesai', 'Ruang 2', 54),
('A1J015030', '55b', 'Drs.Rizkan,M.Pd', 'Drs. Rufran Zulkarnain,M.Pd', '195511021982031006', '195910051985031006', '12:30:00', '2019-05-27', 'selesai', 'Ruang 2', 55),
('A1J015021', '56b', 'Drs. Rufran Zulkarnain,M.Pd', 'Drs.Rizkan,M.Pd', '195910051985031006', '195511021982031006', '11:00:00', '2019-05-27', 'selesai', 'Ruang 2', 56),
('A1J015005', '57b', 'Ririn Gusti, M.Pd.I  ', 'Drs.Rizkan,M.Pd', '198808312014042001', '195511021982031006', '10:00:00', '2019-05-27', 'selesai', 'Ruang 2', 57),
('A1J014010', '58b', 'Drs. Sofino, M.Pd', 'Ririn Gusti, M.Pd.I  ', '196211121988031001', '198808312014042001', '10:30:00', '2019-05-22', 'selesai', 'Ruang 2', 58),
('A1J014031', '59b', 'Drs. Sofino, M.Pd', 'Ririn Gusti, M.Pd.I  ', '196211121988031001', '198808312014042001', '09:30:00', '2019-06-27', 'selesai', 'Ruang 1', 59),
('A1J014032', '5b', 'Drs. Agus Zainal Rachmat.M.Pd', 'Drs. Suardi Jasma,M.Pd', '195804071985031001', '195711281986031004', '11:00:00', '2018-03-20', 'selesai', 'Ruang 2', 5),
('A1J015018', '60b', 'Drs. Suardi Jasma,M.Pd', 'Drs. Rufran Zulkarnain,M.Pd', '195711281986031004', '195910051985031006', '08:30:00', '2019-06-27', 'selesai', 'Ruang 2', 60),
('A1J015011', '61b', 'Ririn Gusti, M.Pd.I  ', 'Drs. Agus Zainal Rachmat.M.Pd', '198808312014042001', '195804071985031001', '10:00:00', '2019-07-02', 'selesai', 'Ruang 2', 61),
('A1J014039', '62b', 'Drs. Parlan, M.Pd', 'Drs. Agus Zainal Rachmat.M.Pd', '195812191984031002', '195804071985031001', '10:00:00', '2019-06-24', 'selesai', 'Ruang 1', 62),
('A1J015025', '63b', 'Drs. Wahiruddin Wadin, M.Pd', 'Dr.M.Ilham Abdullah,M.Pd', '195506161985031001', '195911101989031004', '09:00:00', '2019-07-03', 'selesai', 'Ruang 2', 63),
('A1J015032', '64b', 'Drs. Sofino, M.Pd', 'Drs. Suardi Jasma,M.Pd', '196211121988031001', '195711281986031004', '10:00:00', '2019-07-17', 'selesai', 'Ruang 1', 64),
('A1J015007', '65b', 'Drs. Parlan, M.Pd', 'Drs.Rizkan,M.Pd', '195812191984031002', '195511021982031006', '08:30:00', '2019-07-17', 'selesai', 'Ruang 2', 65),
('A1J015019', '66b', 'Drs. Rufran Zulkarnain,M.Pd', 'Drs.Rizkan,M.Pd', '195910051985031006', '195511021982031006', '08:30:00', '2019-07-18', 'selesai', 'Ruang 2', 66),
('A1J014001', '6b', 'Drs. Parlan, M.Pd', 'Ririn Gusti, M.Pd.I  ', '195812191984031002', '198808312014042001', '12:30:00', '2018-03-20', 'selesai', 'Ruang 1', 6),
('A1J891221', '72b', 'Drs. Agus Zainal Rac', 'Dr. Ilham Abdullah, ', '195804071985031001', '195911101989031004', '23:21:00', '2020-08-31', 'proses', 'Ruang1', 72),
('A1J013030', '73b', 'Drs. Muhammad Izzudi', 'Dr. Ilham Abdullah, ', '195401221986091001', '195911101989031004', '14:12:00', '2020-08-30', 'proses', 'Ruang2', 73),
('A1J014049', '7b', 'Drs.Rizkan,M.Pd', 'Drs. Parlan, M.Pd', '195511021982031006', '195812191984031002', '09:00:00', '2018-03-21', 'selesai', 'Ruang 2', 7),
('A1J014073', '8b', 'Drs. Wahiruddin Wadin, M.Pd', 'Drs. Muhammad Izzudin, M.Pd', '195506161985031001', '195401221986091001', '10:00:00', '2018-03-21', 'selesai', 'Ruang 2', 8),
('A1J014070', '9b', 'Dr.M.Ilham Abdullah,M.Pd', 'Drs. Sofino, M.Pd', '195911101989031004', '196211121988031001', '11:00:00', '2018-03-21', 'selesai', 'Ruang 1', 9);

-- --------------------------------------------------------

--
-- Table structure for table `skripsi`
--

CREATE TABLE `skripsi` (
  `id_skripsi` int(4) NOT NULL,
  `npm` varchar(9) DEFAULT NULL,
  `jenis` varchar(11) DEFAULT NULL,
  `judul` varchar(200) DEFAULT NULL,
  `lokasi` varchar(100) DEFAULT NULL,
  `acc_judul` enum('terima','tolak','selesai','proses','gagal','tb') DEFAULT NULL,
  `tahun` year(4) DEFAULT NULL
) ENGINE=InnoDB DEFAULT CHARSET=latin1;

--
-- Dumping data for table `skripsi`
--

INSERT INTO `skripsi` (`id_skripsi`, `npm`, `jenis`, `judul`, `lokasi`, `acc_judul`, `tahun`) VALUES
(1, 'A1J014038', 'kualitatif', 'Profil Hasil Akreditasi PAUD dan PNF di Kota Bengkulu  dan Kabupaten Seluma Tahun 2016 dan 2017', 'Kota Bengkulu', 'selesai', 2018),
(2, 'A1J014034', 'kualitatif', 'Profil Hasil Akreditasi PAUD dan PNF di Kabupaten Bengkulu Utara dan Mukomuko Tahun 2016 & 2017', 'Kota Bengkulu', 'selesai', 2018),
(3, 'A1J014003', 'kualitatif', 'Studi Kasus Ibu-ibu Rumah Tangga Pengumpul Limbah Batu Bara di Kecamatan Pondok Kelapa Kabupaten Bengkulu Tengah (Ditinjau dari Sosial Ekonomi Keluarga)', ' Kecamatan Pondok Kelapa Kabupaten Bengkulu Tengah', 'selesai', 2018),
(4, 'A1J014028', 'kualitatif', 'Profil Hasil Akreditasi PAUD dan PNF di Kabupaten Bengkulu Selatan  dan Kabupaten Kaur Tahun 2016 dan 2017', 'Kota Bengkulu', 'selesai', 2018),
(5, 'A1J014032', 'kualitatif', 'Profil Hasil Akreditasi PAUD dan PNF di Kabupaten Kepahiang dan Kabupaten Bengkulu Tengah Tahun 2016 dan 2017', 'Kota Bengkulu', 'selesai', 2018),
(6, 'A1J014001', 'kualitatif', 'Keberhasilan Dalam Meningkatkan Pengelolaan Usaha Toko Donna Kue di Kecamatan Pasar Manna Kabupaten Bengkulu Selatan', ' Donna Kue  Kecamatan Pasar Manna Kabupaten Bengkulu Selatan', 'selesai', 2018),
(7, 'A1J014049', 'kualitatif', 'Pelaksanaan Pembelajaran Tari Pada Sanggar Seni Rentak Selatan Kota Manna Kabupaten Bengkulu Selatan ', 'Sanggar Seni Rentak Selatan Kota Manna Kabupaten Bengkulu Selatan ', 'selesai', 2018),
(8, 'A1J014073', 'kualitatif', 'Penggunaan Media Sosial Sebagai Alat Informasi Dalam Memberdayakan Masyarakat Miskin di Kota Bengkulu (Studi Kasus Pada Lembaga Swadaya Masyarakat Ketimbang Ngemis Bengkulu )', ' Lembaga Swadaya Masyarakat Ketimbang Ngemis Bengkulu ', 'selesai', 2018),
(9, 'A1J014070', 'kualitatif', 'Perilaku Mahasiswa Dunia Germelap (DUGEM) Studi Kasus Pada Diskotik Cassablanca Bengkulu', 'Diskotik Cassablanca Bengkulu', 'selesai', 2018),
(10, 'A1J014029', 'kualitatif', 'Faktor - Faktor  Penguatan Guru Dalam Melaksanakan Tugas Pada PAUD IT Auladuna Kota Bengkulu', ' PAUD IT Auladuna Kota Bengkulu', 'selesai', 2018),
(11, 'A1J014002', 'kualitatif', 'Layanan Fisik dan Agama Oleh Pengelola Terhadap Warga Lansia di Bali Pelayanan dan Penyantunan Lanjut Usia Pagar Dewa Kota Bengkulu', 'Balai Pelayanan dan Penyantunan Lanjut Usia Pagar Dewa Kota Bengkulu', 'selesai', 2018),
(12, 'A1J014062', 'kualitatif', 'Penggunaan Bahasa Ibu Dalam Proses Pembelajaran Keaksaraan Fungsional di PKBM Nurzikra Hidayah Kota Manna Kabupaten Bengkulu Selatan', 'PKBM Nurzikra Hidayah Kota Manna Kabupaten Bengkulu Selatan', 'selesai', 2018),
(13, 'A1J014052', 'kualitatif', 'Need Assessment  Dalam Menentukan Program Kursus Bahasa Inggris Oleh Pengelola Pada LKP Lantern House Kota Bengkulu', 'LKP Lantern House Kota Bengkulu', 'selesai', 2018),
(14, 'A1J014044', 'kualitatif', 'Penyaluran Lulusan Kursus Menjahit di LKP Lubuk Akal Kota Bengkulu', 'LKP Lubuk Akal Kota Bengkulu', 'selesai', 2018),
(15, 'A1J014036', 'kualitatif', 'Kemandirian Tuna Netra Dalam Usaha Kecil Kerajinan Tangan (Studi Kasus Bapak Sarian Kelurahan Kota Medan Manna Bengkulu Selatan)', 'Kelurahan Kota Medan Manna Bengkulu Selatan', 'selesai', 2018),
(16, 'A1J014008', 'kualitatif', 'Layanan Bimbingan Sosial Bagi Warga Pada Balai Pelayanan dan Penyantunan Lanjut Usia Pagar Dewa Kota Bengkulu', ' Balai Pelayanan dan Penyantunan Lanjut Usia Pagar Dewa Kota Bengkulu', 'selesai', 2018),
(17, 'A1J014057', 'kualitatif', 'Pengelolaan Koperasi Simpan Pinjam Berdasarkan Prinsip-prinsip Koperasi Pada Koperasi Wanita \"Anyelir\" Kota Bengkulu', 'Koperasi Wanita \"Anyelir\" Kota Bengkulu', 'selesai', 2018),
(18, 'A1J014004', 'kualitatif', 'Partisipasi Organisasi Masyarakat (Ormas) Peduli Sosial Nasional (Pesona) Tentang Kasus HIV/AIDS di Kota Bengkulu', ' Kota Bengkulu', 'selesai', 2018),
(19, 'A1J014025', 'kualitatif', 'Kualifikasi dan Kompetensi Pengelola Dalam Manajemen Yayasan Corien Center Kota Bengkulu', ' Yayasan Corien Center Kota Bengkulu', 'selesai', 2018),
(20, 'A1J014023', 'kualitatif', 'Upaya Organisasi Masyarakat (Ormas) Peduli Sosial Nasional (Pesona) Dalam Mengembalikan Fungsi Sosial Pecandu Narkotika Psikotropika dan Zat Adiktif Lainnya (Napza) Melalui Rehabilitasi Sosial di Tana', 'Tanah Patah Kecamatan Ratu Agung Kota Bengkulu.', 'selesai', 2018),
(21, 'A1J014022', 'kualitatif', 'Upaya Perangkat Desa Dalam Memberdayakan Masyakat di Desa Tengah Padang Kecamatan Talang Empat Kabupaten Bengkulu Tengah', 'Desa Tengah Padang Kecamatan Talang Empat Kabupaten Bengkulu Tengah', 'selesai', 2018),
(22, 'A1J014041', 'kualitatif', 'Studi Tentang Rekrutmen (Penerimaan) Peserta Pelatihan Pada Balai Latihan Kerja (BLK) Provinsi Bengkulu', 'Balai Latihan Kerja (BLK) Provinsi Bengkulu', 'selesai', 2018),
(23, 'A1J014012', 'kualitatif', 'Upaya Guru Ngaji Dalam Meningkatkan Kemampuan Membaca Al-quran Anak Pada TPQ Masjid Jami Babssalam Kota Bengkulu', 'TPQ Masjid Jami Babssalam Kota Bengkulu', 'selesai', 2018),
(24, 'A1J014051', 'kualitatif', 'Perolehan Keterampilan Dalam Pengelolaan Salon Kecantikan O\'Hairspa di Kota Bengkulu', 'Salon Kecantikan O\'Hairspa di Kota Bengkulu', 'selesai', 2018),
(25, 'A1J014011', 'kualitatif', 'Kehidupan Keluarga Nelayan Buruh Dalam Menghadapi Masa Paceklik di Kelurahan Pasar Bengkulu Kecamatan Sungai Serut Kota Bengkulu', 'Kelurahan Pasar Bengkulu Kecamatan Sungai Serut Kota Bengkulu', 'selesai', 2018),
(26, 'A1J014035', 'kualitatif', 'Pelaksanaan Penyuluhan Kegiatan Kader Bina Keluarga Balita (BKB) Rukun dikelurahan Lingkar Barat Kecamatan Gading Cempaka Kota Bengkul', 'Bina Keluarga Balita (BKB) Rukun dikelurahan Lingkar Barat Kecamatan Gading Cempaka Kota Bengkul', 'selesai', 2018),
(27, 'A1J014005', 'kualitatif', 'Efektivitas Kegiatan Kelompok Usaha Bersama (KUBE) Rafflesia Kabupaten Bengkulu Utara', ' Kelompok Usaha Bersama (KUBE) Rafflesia Kabupaten Bengkulu Utara', 'selesai', 2018),
(28, 'A1J014053', 'kualitatif', 'Pembelajaran Kursus Mengemudi Mobil di Lembaga Kursus dan Pelatihan (LKP) Cermelang Teknik Kota Bengkulu', 'Lembaga Kursus dan Pelatihan (LKP) Cermelang Teknik Kota Bengkulu', 'selesai', 2018),
(29, 'A1J014063', 'kualitatif', 'Upaya Pengelola Usaha Kerupuk Merantau Pada Industri Rumah Tangga Dalam Meningkatkan Ekonomi Keluarga di Kota Bengkulu', 'Kota Bengkulu', 'selesai', 2018),
(30, 'A1J014040', 'kualitatif', 'Implementasi Program Penempatan dan Pelatihan Tenaga Kerja Dinas Tenaga Kerja Kota Bengkulu Tahun 2017', 'Dinas Tenaga Kerja Kota Bengkulu ', 'selesai', 2018),
(31, 'A1J014030', 'kualitatif', 'Strategi Pembelajaran Anak Berkebutuhan Khusus di PAUD Alam Bengkulu Mahira Kota Bengkulu', 'PAUD Alam Bengkulu Mahira Kota Bengkulu', 'selesai', 2018),
(32, 'A1J014047', 'kualitatif', 'Pengelolaan Kelompok Usaha Bersama (KUBE) \"Angrek Putih\"  Dalam Usaha Souvenir Limbah Pelepah Pisang di Desa Harapan Makmur Kecamatan Pondok Kelapa Kabupaten Bengkulu Tengah', 'Desa Harapan Makmur Kecamatan Pondok Kelapa Kabupaten Bengkulu Tengah', 'selesai', 2018),
(33, 'A1J014033', 'kualitatif', 'Persepsi Masyarakat Terhadap Keberadaan Pengamen Anak di Lingkungan Wisata ( Studi Kasus Pengamen Anak di Kawasan Pasir Putih Pantai Panjang Bengkulu)', 'Kawasan Pasir Putih Pantai Panjang Bengkulu', 'selesai', 2018),
(34, 'A1J014072', 'kualitatif', 'Pelaksanaan Program Magang Peserta Kursus Komputer Oleh Lembaga Pelatihan Kursus (LKP) Modren Mandiri Group di Arga Makmur Kabupaten Bengkulu Utara', 'Lembaga Pelatihan Kursus (LKP) Modren Mandiri Group di Arga Makmur Kabupaten Bengkulu Utara', 'selesai', 2018),
(35, 'A1J014066', 'kualitatif', 'Penggunaan Metode DRILL (Latihan) Dalam  Menghafal Al-Quran di Rumah Tahfidz Bakti Ilaahi Kota Bengkulu', 'Rumah Tahfidz Bakti Ilaahi Kota Bengkulu', 'selesai', 2018),
(36, 'A1J014015', 'kualitatif', 'Kegiatan Pembelajaran di Taman Pendidikan Al-Quran  (TPQ)  Bhabinkamtibmas  Desa Padang Manis Kecamatan Manna Kabupaten Bengkulu Selatan', ' Desa Padang Manis Kecamatan Manna Kabupaten Bengkulu Selatan', 'selesai', 2018),
(37, 'A1J014048', 'kualitatif', 'Upaya Ketua Dalam Meningkatkan Partisipasi Anggota Tim  Pembinaan Kesejahteraan  Keluarga (PKK) di Jalan Raya Suka Maju Rt 03 Rw 01 Kelurahan Padang Serai  Kecamatan Kampung Melayu Kota Bengkulu', 'Jalan Raya Suka Maju Rt 03 Rw 01 Kelurahan Padang Serai  Kecamatan Kampung Melayu Kota Bengkulu', 'selesai', 2018),
(38, 'A1J014050', 'kualitatif', 'Pencegahan Kasus Kekerasan  Seksual Bagi Anak Oleh Yayasan PUPA di  Kota Bengkulu', 'Yayasan PUPA di  Kota Bengkulu', 'selesai', 2018),
(39, 'A1J014037', 'kualitatif', 'Pendampingan Orang Tua Terhadap Anak Berkebutuhan Khusus Pada Keluarga ANCA di Prumnas Betungan Asri Kelurahan Betungan Kecamatan Selebar Kota Bengkulu', 'Prumnas Betungan Asri Kelurahan Betungan Kecamatan Selebar Kota Bengkulu', 'selesai', 2018),
(40, 'A1J014007', 'kualitatif', 'Strategi Pemasaran Makanan Ringan (Studi Kasus Pada Snack Rengginang Ketan Kelompok Usaha Bersama Raflesia di Kabupaten Bengkulu Utara)', 'Kelompok Usaha Bersama Raflesia di Kabupaten Bengkulu Utara', 'selesai', 2018),
(41, 'A1J014056', 'kualitatif', 'Upaya Dalam Mencapai Presentasi Program Ekstrakulikuler di Yayasan Pesantren Islam Al Azhar Cabang Bengkulu SD Islam Al Azhar 51 Kota Bengkulu', 'Yayasan Pesantren Islam Al Azhar Cabang Bengkulu SD Islam Al Azhar 51 Kota Bengkulu', 'selesai', 2018),
(42, 'A1J014045', 'kualitatif', 'Pengelolaan Pelatihan Kejuruan Teknologi Informasi Komputer (TIK) pada Balai Latihan Kerja (BLK) Provinsi Bengkulu', 'Balai Latihan Kerja (BLK) Provinsi Bengkulu', 'selesai', 2018),
(43, 'A1J014058', 'kualitatif', 'Pengelolaan Usaha Pencucian Mobil dan Mptor Omnea Kota Bengkulu', 'Pencucian Mobil dan Motor Omnea Kota Bengkulu', 'selesai', 2018),
(44, 'A1J014019', 'kualitatif', 'Pengelolaan Usaha Lapangan Family Futsal Berstandar Internasional di Kelurahan Kandang Limun Kecamatan Muara Bangkahulu Kota Bengkulu', 'Kelurahan Kandang Limun Kecamatan Muara Bangkahulu Kota Bengkulu', 'selesai', 2018),
(45, 'A1J015037', 'kualitatif', 'Pemberdayaan Masyarakat Melalui Kegiatan  Kuliah Kerja Nyata (KKN) Mahasiswa Universitas Bengkulu Priode 86 Tahun 2018 di Desa Tebat Monok Kabupaten Kepahiang', 'Desa Tebat Monok Kabupaten Kepahiang', 'selesai', 2018),
(46, 'A1J014064', 'kualitatif', 'Penanganan Anak Jalanan oleh Dinas Sosial Kota Bengkulu', ' Dinas Sosial Kota Bengkulu', 'selesai', 2018),
(47, 'A1J015023', 'kualitatif', 'Profil Skripsi Mahasiswa Program Studi Pendidikan Nonformal FKIP Universitas Bengkulu Tahun 2015-2017 ', 'Universtas Bengkulu', 'selesai', 2018),
(48, 'A1J014065', 'kualitatif', 'Pengelolaan Usaha Dagang Toko Baju Murah Jaya di Pasar Minggu Bertingkat Kota Bengkulu', ' Pasar Minggu Bertingkat Kota Bengkulu', 'selesai', 2018),
(49, 'A1J014059', 'kualitatif', 'Pengelolaan Usaha Kerajinan Umpan Pancing Blitz di Kelurahan Kebun Geran Kecamatan Ratu Samban Kota Bengkulu', ' Kelurahan Kebun Geran Kecamatan Ratu Samban Kota Bengkulu', 'selesai', 2018),
(50, 'A1J015031', 'kualitatif', 'Fungsi Pengelolaan Lembaga HIMPAUDI dalam Meningkatkan Profesionalisme Pendidik dan Tenaga Kependidikan PAUD di Kota Bengkulu', ' HIMPAUDI Kota Bengkulu', 'selesai', 2018),
(51, 'A1J014055', 'kualitatif', 'Program Menjahit di PKBM Mekar Sari Desa Padang Kedondong Kecamatan Tanjung Kemuning Kabupaten Kaur', 'PKBM Mekar Sari Desa Padang Kedondong Kecamatan Tanjung Kemuning Kabupaten Kaur', 'selesai', 2018),
(52, 'A1J013064', 'kualitatif', 'Pengelolaan Penyantunan Anak Keluarga Miskin di Yayasan Al-Idzzah Kota Bengkulu', ' Yayasan Al-Idzzah Kota Bengkulu', 'selesai', 2018),
(53, 'A1J015024', 'kualitatif', 'Motivasi Pengusaha Kerupuk Memperkerjakan Anak-anak dalam Pemasaran (studi kasus pada pengusaha kerupuk di Gang Merpati 19 Rawa Makmur kota Bengkulu)', ' Gang Merpati 19 Rawa Makmur kota Bengkulu)', 'selesai', 2018),
(54, 'A1J015020', 'kualitatif', 'Strategi Pemenuhan Kebutuhan Hidup Lansia Melalui Kerajinan Tangan (studi kasus Bapak Serajin di Desa Banding Agung Kecamatan Seginim Kabupaten Bengkulu Selatan)', 'Desa Banding Agung Kecamatan Seginim Kabupaten Bengkulu Selatan', 'selesai', 2019),
(55, 'A1J015030', 'kualitatif', 'Pengorganisasisn Tenaga Kerja pada Lembaga Usaha Konveksi Adiguna Bordir (Jalan Kalimantan 4 Kelurahan Kampung Kelawi Kota Bengkulu)', ' Kalimantan 4 Kelurahan Kampung Kelawi Kota Bengkulu', 'selesai', 2019),
(56, 'A1J015021', 'kualitatif', 'Kecakapan Hidup Suminah Dalam Memanfaatkan Limbah Pelepah Pisang Sebagai Bahan Dasar Kerajinan di desa Harapan Makmur Kecamatan Pondok Kubang Kabupaten Bengkulu Tengah', 'desa Harapan Makmur Kecamatan Pondok Kubang Kabupaten Bengkulu Tengah', 'selesai', 2019),
(57, 'A1J015005', 'kualitatif', 'Upaya Pengelolaan Usaha Batu Bata dalam Peningkatan Pendapatan Keluarga (studi kasus pada pengelolaan usaha batu bata Pak Aripan di Kelurahan Bentiring Permai Kota Bengkulu)', 'Kelurahan Bentiring Permai Kota Bengkulu', 'selesai', 2019),
(58, 'A1J014010', 'kualitatif', 'Keberhasilan Pengelolaan Usaha Aroma Bakery Kota Bengkulu', ' Aroma Bakery Kota Bengkulu', 'selesai', 2019),
(59, 'A1J014031', 'kualitatif', 'Upaya Pengelola Usaha Pembuatan Tempe Lela Jaya Pada Industri Rumah Tangga Dalam Meningkatkan Kualiatas Produk', 'Tempe Lela Jaya  Kota Bengkulu', 'selesai', 2019),
(60, 'A1J015018', 'kualitatif', 'Study History Bapak Mujadi Pengusaha Sukses di Kota Bengkulu', 'Kota Bengkulu', 'selesai', 2019),
(61, 'A1J015011', 'kualitatif', 'Keberhasilan Usaha Jogja Laundry di Kota Bengkulu', 'Jogja Laundry Kota Bengkulu', 'selesai', 2019),
(62, 'A1J014039', 'kualitatif', 'Pengelolaan Panti Asuhan Kasih Sayang di Desa Bentiring Kecamatan Muara Bangkahulu Kota Bengkulu ', 'Panti Asuhan Kasih Sayang  Desa Bentiring Kecamatan Muara Bangkahulu Kota Bengkulu ', 'selesai', 2019),
(63, 'A1J015025', 'kualitatif', 'Pelatihan Kerajianan Tempurung Kelapa di Yayasan Akademi Peradaban Desa Dagau Datuk Jalan Raya Air Sebakul Kelurahan Betungan Kecamatan Selebar Kota Bengkulu', 'Desa Dagau Datuk Jalan Raya Air Sebakul Kelurahan Betungan Kecamatan Selebar Kota Bengkulu', 'selesai', 2019),
(64, 'A1J015032', 'kualitatif', 'Kehidupan Mahasiswa Universitas Bengkulu Yang Memiliki Hobby Bermain Game (Study Kasus Mahasiswa Unib Sebagai Gamers pada Gamers Station di Jalan Fatmawati Kelurahan Penurunan Kecamatan Ratu Samban Ko', 'Universtas Bengkulu', 'selesai', 2019),
(65, 'A1J015007', 'kualitatif', 'Profil Fijai Warga Belajar Program Kesetaraan Paket A Sanggar Kegiatan Belajar (SKB) Kota Bengkulu (Studi kasus terhadap Fijai yang juga sebagai pengamen badut)', 'Kota Bengkulu', 'selesai', 2019),
(66, 'A1J015019', 'kualitatif', 'Pelaksanaan Pendidikan Nonformal di Lembaga Pembinaan Khusus Anak (LPKA) Bentiring Provinsi Bengkulu', 'Universtas Bengkulu', 'selesai', 2019),
(67, 'A1J015031', 'kualitatif', ' axsaxa', 'dsadsad', 'selesai', 2019),
(72, 'A1J891221', 'kualitatif', ' SDSDASDASD', 'cascac', 'selesai', 2020),
(73, 'A1J013030', 'kualitatif', ' dsadsdd', 'sadsadd', 'selesai', 2020),
(74, 'A1J010000', 'kualitatif', ' aku pintar', 'jakarta, pondok senen', 'selesai', 2020),
(75, 'A1J012112', 'kuantitatif', 'aku sangat pintar', 'jakarta', 'selesai', 2020),
(76, 'A1J012020', 'kualitatif', ' aku ingin pinter dengan programmning', 'jakarta', 'selesai', 2020);

-- --------------------------------------------------------

--
-- Table structure for table `syarat`
--

CREATE TABLE `syarat` (
  `id_syarat` varchar(11) NOT NULL,
  `npm` varchar(9) DEFAULT NULL,
  `fileskrip` varchar(200) DEFAULT NULL,
  `acc_seminar` enum('semprop','semhas','sidang','s1','s2','s3','gagal') DEFAULT NULL,
  `tahun` year(4) DEFAULT NULL,
  `kbskrip` varchar(200) DEFAULT NULL,
  `sizin` varchar(200) DEFAULT NULL,
  `ukt` varchar(200) DEFAULT NULL,
  `transkrip` varchar(200) DEFAULT NULL,
  `lhs` varchar(200) DEFAULT NULL,
  `krs` varchar(200) DEFAULT NULL,
  `ijazah` varchar(200) DEFAULT NULL,
  `nim` varchar(200) DEFAULT NULL,
  `foto` varchar(200) DEFAULT NULL
) ENGINE=InnoDB DEFAULT CHARSET=latin1;

--
-- Dumping data for table `syarat`
--

INSERT INTO `syarat` (`id_syarat`, `npm`, `fileskrip`, `acc_seminar`, `tahun`, `kbskrip`, `sizin`, `ukt`, `transkrip`, `lhs`, `krs`, `ijazah`, `nim`, `foto`) VALUES
('1', 'A1J014038', '15746392426187.jpg', 's1', 2018, '15746384319042.jpg', '15746391018771.jpg', '15746391921728.jpg', '15746391805633.jpg', '157463918056331.jpg', '15749268215661.jpg', '15749268118673.jpg', '157463918056334.jpg', '15749268262597.jpg'),
('10', 'A1J014029', '15746392426187.jpg', 's1', 2018, '15746384319042.jpg', '15746391018771.jpg', '15746391921728.jpg', '15746391805633.jpg', '157463918056331.jpg', '15749267277620.jpg', '15749267196282.jpg', '157463918056334.jpg', '157463918056335.jpg'),
('10a', 'A1J014029', '15746392426187.jpg', 's2', 2018, '15746384319042.jpg', '15746391018771.jpg', '15746391921728.jpg', '15746391805633.jpg', '157463918056331.jpg', '15749267426884.jpg', '15749267362352.jpg', '157463918056334.jpg', '157463918056335.jpg'),
('10b', 'A1J014029', '15746392426187.jpg', 's3', 2018, '15746384319042.jpg', '15746391018771.jpg', '15746391921728.jpg', '15746391805633.jpg', '157463918056331.jpg', '15749267630951.jpg', '15749267547563.jpg', '157463918056334.jpg', '157463918056335.jpg'),
('11', 'A1J014002', '15746392426187.jpg', 's1', 2018, '15746384319042.jpg', '15746391018771.jpg', '15746391921728.jpg', '15746391805633.jpg', '157463918056331.jpg', '15749266346066.jpg', '157463918056333.jpg', '157463918056334.jpg', '157463918056335.jpg'),
('11a', 'A1J014002', '15746392426187.jpg', 's2', 2018, '15746384319042.jpg', '15746391018771.jpg', '15746391921728.jpg', '15746391805633.jpg', '157463918056331.jpg', '15749266580502.jpg', '157463918056333.jpg', '157463918056334.jpg', '157463918056335.jpg'),
('11b', 'A1J014002', '15746392426187.jpg', 's3', 2018, '15746384319042.jpg', '15746391018771.jpg', '15746391921728.jpg', '15746391805633.jpg', '157463918056331.jpg', '15749266738870.jpg', '157463918056333.jpg', '157463918056334.jpg', '157463918056335.jpg'),
('12', 'A1J014062', '15746392426187.jpg', 's1', 2018, '15746384319042.jpg', '15746391018771.jpg', '15746391921728.jpg', '15746391805633.jpg', '157463918056331.jpg', '15749265557242.jpg', '15749265492316.jpg', '157463918056334.jpg', '157463918056335.jpg'),
('12a', 'A1J014062', '15746392426187.jpg', 's2', 2018, '15746384319042.jpg', '15746391018771.jpg', '15746391921728.jpg', '15746391805633.jpg', '157463918056331.jpg', '15749265721098.jpg', '15749265653897.jpg', '157463918056334.jpg', '157463918056335.jpg'),
('12b', 'A1J014062', '15746392426187.jpg', 's3', 2018, '15746384319042.jpg', '15746391018771.jpg', '15746391921728.jpg', '15746391805633.jpg', '157463918056331.jpg', '15749265925265.jpg', '15749265860212.jpg', '157463918056334.jpg', '157463918056335.jpg'),
('13', 'A1J014052', '15746392426187.jpg', 's1', 2018, '15746384319042.jpg', '15746391018771.jpg', '15746391921728.jpg', '15746391805633.jpg', '157463918056331.jpg', '15749264398330.jpg', '15749264340455.jpg', '157463918056334.jpg', '157463918056335.jpg'),
('13a', 'A1J014052', '15746392426187.jpg', 's2', 2018, '15746384319042.jpg', '15746391018771.jpg', '15746391921728.jpg', '15746391805633.jpg', '157463918056331.jpg', '15749264684517.jpg', '15749264609611.jpg', '157463918056334.jpg', '157463918056335.jpg'),
('13b', 'A1J014052', '15746392426187.jpg', 's3', 2018, '15746384319042.jpg', '15746391018771.jpg', '15746391921728.jpg', '15746391805633.jpg', '157463918056331.jpg', '15749265221089.jpg', '15749265164123.jpg', '157463918056334.jpg', '157463918056335.jpg'),
('14', 'A1J014044', '15746392426187.jpg', 's1', 2018, '15746384319042.jpg', '15746391018771.jpg', '15746391921728.jpg', '15746391805633.jpg', '157463918056331.jpg', '15749263675133.jpg', '15749263436963.jpg', '157463918056334.jpg', '157463918056335.jpg'),
('14a', 'A1J014044', '15746392426187.jpg', 's2', 2018, '15746384319042.jpg', '15746391018771.jpg', '15746391921728.jpg', '15746391805633.jpg', '157463918056331.jpg', '15749263828648.jpg', '15749263769270.jpg', '157463918056334.jpg', '157463918056335.jpg'),
('14b', 'A1J014044', '15746392426187.jpg', 's3', 2018, '15746384319042.jpg', '15746391018771.jpg', '15746391921728.jpg', '15746391805633.jpg', '157463918056331.jpg', '15749264013360.jpg', '15749263940898.jpg', '157463918056334.jpg', '157463918056335.jpg'),
('15', 'A1J014036', '15746392426187.jpg', 's1', 2018, '15746384319042.jpg', '15746391018771.jpg', '15746391921728.jpg', '15746391805633.jpg', '157463918056331.jpg', '15749261909995.jpg', '15749261671247.jpg', '15749261738762.jpg', '157463918056335.jpg'),
('15a', 'A1J014036', '15746392426187.jpg', 's2', 2018, '15746384319042.jpg', '15746391018771.jpg', '15746391921728.jpg', '15746391805633.jpg', '157463918056331.jpg', '15749262586898.jpg', '15749262401405.jpg', '157463918056334.jpg', '157463918056335.jpg'),
('15b', 'A1J014036', '15746392426187.jpg', 's3', 2018, '15746384319042.jpg', '15746391018771.jpg', '15746391921728.jpg', '15746391805633.jpg', '157463918056331.jpg', '15749262789922.jpg', '15749262705832.jpg', '15749262883340.jpg', '157463918056335.jpg'),
('16', 'A1J014008', '15746392426187.jpg', 's1', 2018, '15746384319042.jpg', '15746391018771.jpg', '15746391921728.jpg', '15746391805633.jpg', '157463918056331.jpg', '15749260888648.jpg', '157463918056333.jpg', '15749260963435.jpg', '157463918056335.jpg'),
('16a', 'A1J014008', '15746392426187.jpg', 's2', 2018, '15746384319042.jpg', '15746391018771.jpg', '15746391921728.jpg', '15746391805633.jpg', '157463918056331.jpg', '15749261091012.jpg', '157463918056333.jpg', '15749261155673.jpg', '157463918056335.jpg'),
('16b', 'A1J014008', '15746392426187.jpg', 's3', 2018, '15746384319042.jpg', '15746391018771.jpg', '15746391921728.jpg', '15746391805633.jpg', '157463918056331.jpg', '15749261255892.jpg', '157463918056333.jpg', '15749261330379.jpg', '157463918056335.jpg'),
('17', 'A1J014057', '15746392426187.jpg', 's1', 2018, '15746384319042.jpg', '15746391018771.jpg', '15746391921728.jpg', '15746391805633.jpg', '157463918056331.jpg', '15749259842424.jpg', '15749259777679.jpg', '157463918056334.jpg', '157463918056335.jpg'),
('17a', 'A1J014057', '15746392426187.jpg', 's2', 2018, '15746384319042.jpg', '15746391018771.jpg', '15746391921728.jpg', '15746391805633.jpg', '157463918056331.jpg', '15749260047580.jpg', '15749259961657.jpg', '157463918056334.jpg', '157463918056335.jpg'),
('17b', 'A1J014057', '15746392426187.jpg', 's3', 2018, '15746384319042.jpg', '15746391018771.jpg', '15746391921728.jpg', '15746391805633.jpg', '157463918056331.jpg', '15749260241704.jpg', '15749260168175.jpg', '157463918056334.jpg', '157463918056335.jpg'),
('18', 'A1J014004', '15746392426187.jpg', 's1', 2018, '15746384319042.jpg', '15746391018771.jpg', '15746391921728.jpg', '15746391805633.jpg', '157463918056331.jpg', '15749258812913.jpg', '15749258688924.jpg', '15749258751134.jpg', '157463918056335.jpg'),
('18a', 'A1J014004', '15746392426187.jpg', 's2', 2018, '15746384319042.jpg', '15746391018771.jpg', '15746391921728.jpg', '15746391805633.jpg', '157463918056331.jpg', '15749259089751.jpg', '15749258952912.jpg', '15749259154834.jpg', '157463918056335.jpg'),
('18b', 'A1J014004', '15746392426187.jpg', 's3', 2018, '15746384319042.jpg', '15746391018771.jpg', '15746391921728.jpg', '15746391805633.jpg', '157463918056331.jpg', '15749259362654.jpg', '15749259299583.jpg', '15749259472440.jpg', '157463918056335.jpg'),
('19', 'A1J014025', '15746392426187.jpg', 's1', 2018, '15746384319042.jpg', '15746391018771.jpg', '15746391921728.jpg', '15746391805633.jpg', '157463918056331.jpg', '15749258058982.jpg', '15749257972148.jpg', '157463918056334.jpg', '157463918056335.jpg'),
('19a', 'A1J014025', '15746392426187.jpg', 's2', 2018, '15746384319042.jpg', '15746391018771.jpg', '15746391921728.jpg', '15746391805633.jpg', '157463918056331.jpg', '15749258227905.jpg', '15749258165683.jpg', '157463918056334.jpg', '157463918056335.jpg'),
('19b', 'A1J014025', '15746392426187.jpg', 's3', 2018, '15746384319042.jpg', '15746391018771.jpg', '15746391921728.jpg', '15746391805633.jpg', '157463918056331.jpg', '15749258426377.jpg', '15749258343822.jpg', '157463918056334.jpg', '157463918056335.jpg'),
('1a', 'A1J014038', '15746392426187.jpg', 's2', 2018, '15746384319042.jpg', '15746391018771.jpg', '15746391921728.jpg', '15746391805633.jpg', '157463918056331.jpg', '15749268499840.jpg', '15749268425489.jpg', '157463918056334.jpg', '157463918056335.jpg'),
('1b', 'A1J014038', '15746392426187.jpg', 's3', 2018, '15746384319042.jpg', '15746391018771.jpg', '15746391921728.jpg', '15746391805633.jpg', '157463918056331.jpg', '15749268677837.jpg', '15749268602389.jpg', '157463918056334.jpg', '157463918056335.jpg'),
('2', 'A1J014034', '15746392426187.jpg', 's1', 2019, '15746384319042.jpg', '15746391018771.jpg', '15746391921728.jpg', '15746391805633.jpg', '157463918056331.jpg', '15749257178153.jpg', '15749257114574.jpg', '157463918056334.jpg', '157463918056335.jpg'),
('20', 'A1J014023', '15746392426187.jpg', 's1', 2019, '15746384319042.jpg', '15746391018771.jpg', '15746391921728.jpg', '15746391805633.jpg', '157463918056331.jpg', '15749256301134.jpg', '15749256236955.jpg', '157463918056334.jpg', '157463918056335.jpg'),
('20a', 'A1J014023', '15746392426187.jpg', 's2', 2019, '15746384319042.jpg', '15746391018771.jpg', '15746391921728.jpg', '15746391805633.jpg', '157463918056331.jpg', '15749256563205.jpg', '15749256450683.jpg', '157463918056334.jpg', '157463918056335.jpg'),
('20b', 'A1J014023', '15746392426187.jpg', 's3', 2019, '15746384319042.jpg', '15746391018771.jpg', '15746391921728.jpg', '15746391805633.jpg', '157463918056331.jpg', '15749256782953.jpg', '15749256694288.jpg', '157463918056334.jpg', '157463918056335.jpg'),
('21', 'A1J014022', '15746392426187.jpg', 's1', 2018, '15746384319042.jpg', '15746391018771.jpg', '15746391921728.jpg', '15746391805633.jpg', '157463918056331.jpg', '15749255733166.jpg', '157463918056333.jpg', '157463918056334.jpg', '157463918056335.jpg'),
('21a', 'A1J014022', '15746392426187.jpg', 's2', 2018, '15746384319042.jpg', '15746391018771.jpg', '15746391921728.jpg', '15746391805633.jpg', '157463918056331.jpg', '15749255819946.jpg', '157463918056333.jpg', '157463918056334.jpg', '157463918056335.jpg'),
('21b', 'A1J014022', '15746392426187.jpg', 's3', 2018, '15746384319042.jpg', '15746391018771.jpg', '15746391921728.jpg', '15746391805633.jpg', '157463918056331.jpg', '15749255918373.jpg', '157463918056333.jpg', '157463918056334.jpg', '157463918056335.jpg'),
('22', 'A1J014041', '15746392426187.jpg', 's1', 2018, '15746384319042.jpg', '15746391018771.jpg', '15746391921728.jpg', '15746391805633.jpg', '157463918056331.jpg', '15749254955590.jpg', '15749254890321.jpg', '157463918056334.jpg', '157463918056335.jpg'),
('22a', 'A1J014041', '15746392426187.jpg', 's2', 2018, '15746384319042.jpg', '15746391018771.jpg', '15746391921728.jpg', '15746391805633.jpg', '157463918056331.jpg', '15749255132267.jpg', '15749255065186.jpg', '157463918056334.jpg', '157463918056335.jpg'),
('22b', 'A1J014041', '15746392426187.jpg', 's3', 2018, '15746384319042.jpg', '15746391018771.jpg', '15746391921728.jpg', '15746391805633.jpg', '157463918056331.jpg', '15749255307976.jpg', '15749255230970.jpg', '157463918056334.jpg', '157463918056335.jpg'),
('23', 'A1J014012', '15746392426187.jpg', 's1', 2018, '15746384319042.jpg', '15746391018771.jpg', '15746391921728.jpg', '15746391805633.jpg', '157463918056331.jpg', '15749253878012.jpg', '15749253811938.jpg', '157463918056334.jpg', '157463918056335.jpg'),
('23a', 'A1J014012', '15746392426187.jpg', 's2', 2018, '15746384319042.jpg', '15746391018771.jpg', '15746391921728.jpg', '15746391805633.jpg', '157463918056331.jpg', '15749254095746.jpg', '15749254026154.jpg', '157463918056334.jpg', '157463918056335.jpg'),
('23b', 'A1J014012', '15746392426187.jpg', 's3', 2018, '15746384319042.jpg', '15746391018771.jpg', '15746391921728.jpg', '15746391805633.jpg', '157463918056331.jpg', '15749254329118.jpg', '15749254224901.jpg', '157463918056334.jpg', '157463918056335.jpg'),
('24', 'A1J014051', '15746392426187.jpg', 's1', 2018, '15746384319042.jpg', '15746391018771.jpg', '15746391921728.jpg', '15746391805633.jpg', '157463918056331.jpg', '157463918056332.jpg', '157463918056333.jpg', '157463918056334.jpg', '157463918056335.jpg'),
('24a', 'A1J014051', '15746392426187.jpg', 's2', 2018, '15746384319042.jpg', '15746391018771.jpg', '15746391921728.jpg', '15746391805633.jpg', '157463918056331.jpg', '15749252462738.jpg', '15749252386480.jpg', '157463918056334.jpg', '157463918056335.jpg'),
('24b', 'A1J014051', '15746392426187.jpg', 's3', 2018, '15746384319042.jpg', '15746391018771.jpg', '15746391921728.jpg', '15746391805633.jpg', '157463918056331.jpg', '15749252664605.jpg', '15749252604010.jpg', '157463918056334.jpg', '157463918056335.jpg'),
('25', 'A1J014011', '15746392426187.jpg', 's1', 2018, '15746384319042.jpg', '15746391018771.jpg', '15746391921728.jpg', '15746391805633.jpg', '15749250865124.jpg', '15749250796849.jpg', '15749250735066.jpg', '157463918056334.jpg', '157463918056335.jpg'),
('25a', 'A1J014011', '15746392426187.jpg', 's2', 2018, '15746384319042.jpg', '15746391018771.jpg', '15746391921728.jpg', '15746391805633.jpg', '15749251112216.jpg', '15749251048366.jpg', '15749250976302.jpg', '157463918056334.jpg', '157463918056335.jpg'),
('25b', 'A1J014011', '15746392426187.jpg', 's3', 2018, '15746384319042.jpg', '15746391018771.jpg', '15746391921728.jpg', '15746391805633.jpg', '15749251358272.jpg', '15749251286834.jpg', '15749251220931.jpg', '157463918056334.jpg', '157463918056335.jpg'),
('26', 'A1J014035', '15746392426187.jpg', 's1', 2018, '15746384319042.jpg', '15746391018771.jpg', '15746391921728.jpg', '15746391805633.jpg', '157463918056331.jpg', '157463918056332.jpg', '15749250178674.jpg', '157463918056334.jpg', '157463918056335.jpg'),
('26a', 'A1J014035', '15746392426187.jpg', 's2', 2018, '15746384319042.jpg', '15746391018771.jpg', '15746391921728.jpg', '15746391805633.jpg', '157463918056331.jpg', '157463918056332.jpg', '15749250275731.jpg', '157463918056334.jpg', '157463918056335.jpg'),
('26b', 'A1J014035', '15746392426187.jpg', 's3', 2018, '15746384319042.jpg', '15746391018771.jpg', '15746391921728.jpg', '15746391805633.jpg', '157463918056331.jpg', '157463918056332.jpg', '15749250380469.jpg', '157463918056334.jpg', '157463918056335.jpg'),
('27', 'A1J014005', '15746392426187.jpg', 's1', 2018, '15746384319042.jpg', '15746391018771.jpg', '15746391921728.jpg', '15746391805633.jpg', '157463918056331.jpg', '15749249146692.jpg', '15749249074797.jpg', '157463918056334.jpg', '157463918056335.jpg'),
('27a', 'A1J014005', '15746392426187.jpg', 's2', 2018, '15746384319042.jpg', '15746391018771.jpg', '15746391921728.jpg', '15746391805633.jpg', '157463918056331.jpg', '15749249335043.jpg', '15749249278408.jpg', '157463918056334.jpg', '157463918056335.jpg'),
('27b', 'A1J014005', '15746392426187.jpg', 's3', 2018, '15746384319042.jpg', '15746391018771.jpg', '15746391921728.jpg', '15746391805633.jpg', '157463918056331.jpg', '15749249513126.jpg', '15749249640555.jpg', '157463918056334.jpg', '157463918056335.jpg'),
('28', 'A1J014053', '15746392426187.jpg', 's1', 2018, '15746384319042.jpg', '15746391018771.jpg', '15746391921728.jpg', '15746391805633.jpg', '157463918056331.jpg', '15749247670286.jpg', '15749247618156.jpg', '157463918056334.jpg', '157463918056335.jpg'),
('28a', 'A1J014053', '15746392426187.jpg', 's2', 2018, '15746384319042.jpg', '15746391018771.jpg', '15746391921728.jpg', '15746391805633.jpg', '157463918056331.jpg', '15749247830661.jpg', '15749247765973.jpg', '157463918056334.jpg', '157463918056335.jpg'),
('28b', 'A1J014053', '15746392426187.jpg', 's3', 2018, '15746384319042.jpg', '15746391018771.jpg', '15746391921728.jpg', '15746391805633.jpg', '157463918056331.jpg', '15749247998122.jpg', '15749247939386.jpg', '157463918056334.jpg', '157463918056335.jpg'),
('29', 'A1J014063', '15746392426187.jpg', 's1', 2018, '15746384319042.jpg', '15746391018771.jpg', '15746391921728.jpg', '15746391805633.jpg', '157463918056331.jpg', '15749247050670.jpg', '157463918056333.jpg', '157463918056334.jpg', '157463918056335.jpg'),
('29a', 'A1J014063', '15746392426187.jpg', 's2', 2018, '15746384319042.jpg', '15746391018771.jpg', '15746391921728.jpg', '15746391805633.jpg', '157463918056331.jpg', '15749247152934.jpg', '157463918056333.jpg', '157463918056334.jpg', '157463918056335.jpg'),
('29b', 'A1J014063', '15746392426187.jpg', 's3', 2018, '15746384319042.jpg', '15746391018771.jpg', '15746391921728.jpg', '15746391805633.jpg', '157463918056331.jpg', '15749247273382.jpg', '157463918056333.jpg', '157463918056334.jpg', '157463918056335.jpg'),
('2a', 'A1J014034', '15746392426187.jpg', 's2', 2019, '15746384319042.jpg', '15746391018771.jpg', '15746391921728.jpg', '15746391805633.jpg', '157463918056331.jpg', '15749257478242.jpg', '15749257422919.jpg', '157463918056334.jpg', '157463918056335.jpg'),
('2b', 'A1J014034', '15746392426187.jpg', 's3', 2019, '15746384319042.jpg', '15746391018771.jpg', '15746391921728.jpg', '15746391805633.jpg', '157463918056331.jpg', '15749257673565.jpg', '15749257587986.jpg', '157463918056334.jpg', '157463918056335.jpg'),
('3', 'A1J014003', '15746392426187.jpg', 's1', 2018, '15746384319042.jpg', '15746391018771.jpg', '15746391921728.jpg', '15746391805633.jpg', '157463918056331.jpg', '15749245441653.jpg', '157463918056333.jpg', '15749245554172.jpg', '157463918056335.jpg'),
('30', 'A1J014040', '15746392426187.jpg', 's1', 2018, '15746384319042.jpg', '15746391018771.jpg', '15746391921728.jpg', '15746391805633.jpg', '157463918056331.jpg', '15749244746489.jpg', '157463918056333.jpg', '157463918056334.jpg', '157463918056335.jpg'),
('30a', 'A1J014040', '15746392426187.jpg', 's2', 2018, '15746384319042.jpg', '15746391018771.jpg', '15746391921728.jpg', '15746391805633.jpg', '157463918056331.jpg', '15749244909574.jpg', '157463918056333.jpg', '157463918056334.jpg', '157463918056335.jpg'),
('30b', 'A1J014040', '15746392426187.jpg', 's3', 2018, '15746384319042.jpg', '15746391018771.jpg', '15746391921728.jpg', '15746391805633.jpg', '157463918056331.jpg', '15749245025961.jpg', '157463918056333.jpg', '157463918056334.jpg', '157463918056335.jpg'),
('31', 'A1J014030', '15746392426187.jpg', 's1', 2018, '15746384319042.jpg', '15746391018771.jpg', '15746391921728.jpg', '15746391805633.jpg', '157463918056331.jpg', '15749243773089.jpg', '15749243695491.jpg', '157463918056334.jpg', '157463918056335.jpg'),
('31a', 'A1J014030', '15746392426187.jpg', 's2', 2018, '15746384319042.jpg', '15746391018771.jpg', '15746391921728.jpg', '15746391805633.jpg', '157463918056331.jpg', '15749244074712.jpg', '15749243941973.jpg', '157463918056334.jpg', '157463918056335.jpg'),
('31b', 'A1J014030', '15746392426187.jpg', 's3', 2018, '15746384319042.jpg', '15746391018771.jpg', '15746391921728.jpg', '15746391805633.jpg', '157463918056331.jpg', '15749244245108.jpg', '15749244179098.jpg', '157463918056334.jpg', '157463918056335.jpg'),
('32', 'A1J014047', '15746392426187.jpg', 's1', 2018, '15746384319042.jpg', '15746391018771.jpg', '15746391921728.jpg', '15746391805633.jpg', '157463918056331.jpg', '15749242943832.jpg', '15749242868784.jpg', '157463918056334.jpg', '157463918056335.jpg'),
('32a', 'A1J014047', '15746392426187.jpg', 's2', 2018, '15746384319042.jpg', '15746391018771.jpg', '15746391921728.jpg', '15746391805633.jpg', '157463918056331.jpg', '15749243137204.jpg', '15749243053022.jpg', '157463918056334.jpg', '157463918056335.jpg'),
('32b', 'A1J014047', '15746392426187.jpg', 's3', 2018, '15746384319042.jpg', '15746391018771.jpg', '15746391921728.jpg', '15746391805633.jpg', '157463918056331.jpg', '15749243290497.jpg', '15749243229889.jpg', '157463918056334.jpg', '157463918056335.jpg'),
('33', 'A1J014033', '15746392426187.jpg', 's1', 2018, '15746384319042.jpg', '15746391018771.jpg', '15746391921728.jpg', '15746391805633.jpg', '157463918056331.jpg', '15749236255406.jpg', '15749236313812.jpg', '15749236377123.jpg', '157463918056335.jpg'),
('33a', 'A1J014033', '15746392426187.jpg', 's2', 2018, '15746384319042.jpg', '15746391018771.jpg', '15746391921728.jpg', '15746391805633.jpg', '157463918056331.jpg', '15749236597491.jpg', '15749236472689.jpg', '15749236538469.jpg', '157463918056335.jpg'),
('33b', 'A1J014033', '15746392426187.jpg', 's3', 2018, '15746384319042.jpg', '15746391018771.jpg', '15746391921728.jpg', '15746391805633.jpg', '157463918056331.jpg', '15749236832593.jpg', '15749236704968.jpg', '15749236904433.jpg', '157463918056335.jpg'),
('34', 'A1J014072', '15746392426187.jpg', 's1', 2018, '15746384319042.jpg', '15746391018771.jpg', '15746391921728.jpg', '15746391805633.jpg', '157463918056331.jpg', '15749235360939.jpg', '15749235264735.jpg', '157463918056334.jpg', '157463918056335.jpg'),
('34a', 'A1J014072', '15746392426187.jpg', 's2', 2018, '15746384319042.jpg', '15746391018771.jpg', '15746391921728.jpg', '15746391805633.jpg', '157463918056331.jpg', '15749235600870.jpg', '15749235462597.jpg', '157463918056334.jpg', '157463918056335.jpg'),
('34b', 'A1J014072', '15746392426187.jpg', 's3', 2018, '15746384319042.jpg', '15746391018771.jpg', '15746391921728.jpg', '15746391805633.jpg', '157463918056331.jpg', '15749235763233.jpg', '15749235696551.jpg', '157463918056334.jpg', '157463918056335.jpg'),
('35', 'A1J014066', '15746392426187.jpg', 's1', 2018, '15746384319042.jpg', '15746391018771.jpg', '15746391921728.jpg', '15746391805633.jpg', '15749233977346.jpg', '15749233904042.jpg', '15749234081010.jpg', '157463918056334.jpg', '157463918056335.jpg'),
('35a', 'A1J014066', '15746392426187.jpg', 's2', 2018, '15746384319042.jpg', '15746391018771.jpg', '15746391921728.jpg', '15746391805633.jpg', '15749234204573.jpg', '15749234282674.jpg', '15749234358416.jpg', '157463918056334.jpg', '157463918056335.jpg'),
('35b', 'A1J014066', '15746392426187.jpg', 's3', 2018, '15746384319042.jpg', '15746391018771.jpg', '15746391921728.jpg', '15746391805633.jpg', '15749234530724.jpg', '15749234610581.jpg', '15749234673270.jpg', '157463918056334.jpg', '157463918056335.jpg'),
('36', 'A1J014015', '15746392426187.jpg', 's1', 2018, '15746384319042.jpg', '15746391018771.jpg', '15746391921728.jpg', '15746391805633.jpg', '15749232905975.jpg', '15749232768436.jpg', '15749232846201.jpg', '157463918056334.jpg', '157463918056335.jpg'),
('36a', 'A1J014015', '15746392426187.jpg', 's2', 2018, '15746384319042.jpg', '15746391018771.jpg', '15746391921728.jpg', '15746391805633.jpg', '15749233021891.jpg', '15749233088748.jpg', '15749233157290.jpg', '157463918056334.jpg', '157463918056335.jpg'),
('36b', 'A1J014015', '15746392426187.jpg', 's3', 2018, '15746384319042.jpg', '15746391018771.jpg', '15746391921728.jpg', '15746391805633.jpg', '15749233476124.jpg', '15749233279164.jpg', '15749233393907.jpg', '157463918056334.jpg', '157463918056335.jpg'),
('37', 'A1J014048', '15746392426187.jpg', 's1', 2018, '15746384319042.jpg', '15746391018771.jpg', '15746391921728.jpg', '15746391805633.jpg', '15749231863824.jpg', '15749231788368.jpg', '157463918056333.jpg', '15749231924146.jpg', '157463918056335.jpg'),
('37a', 'A1J014048', '15746392426187.jpg', 's2', 2018, '15746384319042.jpg', '15746391018771.jpg', '15746391921728.jpg', '15746391805633.jpg', '15749232040657.jpg', '15749232108255.jpg', '157463918056333.jpg', '15749232170544.jpg', '157463918056335.jpg'),
('37b', 'A1J014048', '15746392426187.jpg', 's3', 2018, '15746384319042.jpg', '15746391018771.jpg', '15746391921728.jpg', '15746391805633.jpg', '15749232374039.jpg', '15749232300026.jpg', '157463918056333.jpg', '15749232438539.jpg', '157463918056335.jpg'),
('38', 'A1J014050', '15746392426187.jpg', 's1', 2018, '15746384319042.jpg', '15746391018771.jpg', '15746391921728.jpg', '15746391805633.jpg', '157463918056331.jpg', '15749231228954.jpg', '157463918056333.jpg', '157463918056334.jpg', '157463918056335.jpg'),
('38a', 'A1J014050', '15746392426187.jpg', 's2', 2018, '15746384319042.jpg', '15746391018771.jpg', '15746391921728.jpg', '15746391805633.jpg', '157463918056331.jpg', '15749231365129.jpg', '157463918056333.jpg', '157463918056334.jpg', '157463918056335.jpg'),
('38b', 'A1J014050', '15746392426187.jpg', 's3', 2018, '15746384319042.jpg', '15746391018771.jpg', '15746391921728.jpg', '15746391805633.jpg', '157463918056331.jpg', '15749231498239.jpg', '157463918056333.jpg', '157463918056334.jpg', '157463918056335.jpg'),
('39', 'A1J014037', '15746392426187.jpg', 's1', 2018, '15746384319042.jpg', '15746391018771.jpg', '15746391921728.jpg', '15746391805633.jpg', '157463918056331.jpg', '15749230312112.jpg', '15749230372593.jpg', '157463918056334.jpg', '157463918056335.jpg'),
('39a', 'A1J014037', '15746392426187.jpg', 's2', 2018, '15746384319042.jpg', '15746391018771.jpg', '15746391921728.jpg', '15746391805633.jpg', '157463918056331.jpg', '15749230479546.jpg', '15749230542300.jpg', '157463918056334.jpg', '157463918056335.jpg'),
('39b', 'A1J014037', '15746392426187.jpg', 's3', 2018, '15746384319042.jpg', '15746391018771.jpg', '15746391921728.jpg', '15746391805633.jpg', '157463918056331.jpg', '15749230671881.jpg', '15749230734000.jpg', '157463918056334.jpg', '157463918056335.jpg'),
('3a', 'A1J014003', '15746392426187.jpg', 's2', 2018, '15746384319042.jpg', '15746391018771.jpg', '15746391921728.jpg', '15746391805633.jpg', '15749245891327.jpg', '157463918056332.jpg', '157463918056333.jpg', '15749245806031.jpg', '157463918056335.jpg'),
('3b', 'A1J014003', '15746392426187.jpg', 's3', 2018, '15746384319042.jpg', '15746391018771.jpg', '15746391921728.jpg', '15746391805633.jpg', '157463918056331.jpg', '15749246209769.jpg', '157463918056333.jpg', '15749246095207.jpg', '157463918056335.jpg'),
('4', 'A1J014028', '15746392426187.jpg', 's1', 2018, '15746384319042.jpg', '15746391018771.jpg', '15746391921728.jpg', '15746391805633.jpg', '15749229375588.jpg', '15749229313502.jpg', '15749229443980.jpg', '157463918056334.jpg', '157463918056335.jpg'),
('40', 'A1J014007', '15746392426187.jpg', 's1', 2018, '15746384319042.jpg', '15746391018771.jpg', '15746391921728.jpg', '15746391805633.jpg', '157463918056331.jpg', '15749228584968.jpg', '157463918056333.jpg', '15749228658227.jpg', '157463918056335.jpg'),
('40a', 'A1J014007', '15746392426187.jpg', 's2', 2018, '15746384319042.jpg', '15746391018771.jpg', '15746391921728.jpg', '15746391805633.jpg', '157463918056331.jpg', '15749228827832.jpg', '157463918056333.jpg', '15749228770950.jpg', '157463918056335.jpg'),
('40b', 'A1J014007', '15746392426187.jpg', 's3', 2018, '15746384319042.jpg', '15746391018771.jpg', '15746391921728.jpg', '15746391805633.jpg', '157463918056331.jpg', '15749228927307.jpg', '157463918056333.jpg', '15749229004400.jpg', '157463918056335.jpg'),
('41', 'A1J014056', '15746392426187.jpg', 's1', 2018, '15746384319042.jpg', '15746391018771.jpg', '15746391921728.jpg', '15746391805633.jpg', '157463918056331.jpg', '157463918056332.jpg', '15749227958218.jpg', '157463918056334.jpg', '157463918056335.jpg'),
('41a', 'A1J014056', '15746392426187.jpg', 's2', 2018, '15746384319042.jpg', '15746391018771.jpg', '15746391921728.jpg', '15746391805633.jpg', '157463918056331.jpg', '157463918056332.jpg', '15749228056095.jpg', '157463918056334.jpg', '157463918056335.jpg'),
('41b', 'A1J014056', '15746392426187.jpg', 's3', 2018, '15746384319042.jpg', '15746391018771.jpg', '15746391921728.jpg', '15746391805633.jpg', '157463918056331.jpg', '157463918056332.jpg', '15749228149594.jpg', '157463918056334.jpg', '157463918056335.jpg'),
('42', 'A1J014045', '15746392426187.jpg', 's1', 2018, '15746384319042.jpg', '15746391018771.jpg', '15746391921728.jpg', '15746391805633.jpg', '157463918056331.jpg', '15749224509019.jpg', '15749224566366.jpg', '157463918056334.jpg', '157463918056335.jpg'),
('42a', 'A1J014045', '15746392426187.jpg', 's2', 2018, '15746384319042.jpg', '15746391018771.jpg', '15746391921728.jpg', '15746391805633.jpg', '157463918056331.jpg', '15749224674757.jpg', '15749224749818.jpg', '157463918056334.jpg', '157463918056335.jpg'),
('42b', 'A1J014045', '15746392426187.jpg', 's3', 2018, '15746384319042.jpg', '15746391018771.jpg', '15746391921728.jpg', '15746391805633.jpg', '157463918056331.jpg', '15749224873399.jpg', '15749224936773.jpg', '157463918056334.jpg', '157463918056335.jpg'),
('43', 'A1J014058', '15746392426187.jpg', 's1', 2018, '15746384319042.jpg', '15746391018771.jpg', '15746391921728.jpg', '15746391805633.jpg', '157463918056331.jpg', '15749223759597.jpg', '15749223821576.jpg', '157463918056334.jpg', '157463918056335.jpg'),
('43a', 'A1J014058', '15746392426187.jpg', 's2', 2018, '15746384319042.jpg', '15746391018771.jpg', '15746391921728.jpg', '15746391805633.jpg', '157463918056331.jpg', '15749223920745.jpg', '15749223993842.jpg', '157463918056334.jpg', '157463918056335.jpg'),
('43b', 'A1J014058', '15746392426187.jpg', 's3', 2018, '15746384319042.jpg', '15746391018771.jpg', '15746391921728.jpg', '15746391805633.jpg', '157463918056331.jpg', '15749224103391.jpg', '15749224179053.jpg', '157463918056334.jpg', '157463918056335.jpg'),
('44', 'A1J014019', '15746392426187.jpg', 's1', 2018, '15746384319042.jpg', '15746391018771.jpg', '15746391921728.jpg', '15746391805633.jpg', '15749222635941.jpg', '15749222700341.jpg', '15749222779378.jpg', '157463918056334.jpg', '157463918056335.jpg'),
('44a', 'A1J014019', '15746392426187.jpg', 's2', 2018, '15746384319042.jpg', '15746391018771.jpg', '15746391921728.jpg', '15746391805633.jpg', '15749223044408.jpg', '15749222913783.jpg', '15749222974785.jpg', '157463918056334.jpg', '157463918056335.jpg'),
('44b', 'A1J014019', '15746392426187.jpg', 's3', 2018, '15746384319042.jpg', '15746391018771.jpg', '15746391921728.jpg', '15746391805633.jpg', '15749223359000.jpg', '15749223259330.jpg', '15749223171726.jpg', '157463918056334.jpg', '157463918056335.jpg'),
('45', 'A1J015037', '15746392426187.jpg', 's1', 2018, '15746384319042.jpg', '15746391018771.jpg', '15746391921728.jpg', '15746391805633.jpg', '15749221144790.jpg', '157463918056332.jpg', '157463918056333.jpg', '157463918056334.jpg', '157463918056335.jpg'),
('45a', 'A1J015037', '15746392426187.jpg', 's2', 2018, '15746384319042.jpg', '15746391018771.jpg', '15746391921728.jpg', '15746391805633.jpg', '15749221265195.jpg', '157463918056332.jpg', '157463918056333.jpg', '157463918056334.jpg', '157463918056335.jpg'),
('45b', 'A1J015037', '15746392426187.jpg', 's3', 2018, '15746384319042.jpg', '15746391018771.jpg', '15746391921728.jpg', '15746391805633.jpg', '15749221377629.jpg', '157463918056332.jpg', '157463918056333.jpg', '157463918056334.jpg', '157463918056335.jpg'),
('46', 'A1J014064', '15746392426187.jpg', 's1', 2018, '15746384319042.jpg', '15746391018771.jpg', '15746391921728.jpg', '15746391805633.jpg', '157463918056331.jpg', '15749219787324.jpg', '15749219845798.jpg', '157463918056334.jpg', '157463918056335.jpg'),
('46a', 'A1J014064', '15746392426187.jpg', 's2', 2018, '15746384319042.jpg', '15746391018771.jpg', '15746391921728.jpg', '15746391805633.jpg', '157463918056331.jpg', '15749219954384.jpg', '15749220043910.jpg', '157463918056334.jpg', '157463918056335.jpg'),
('46b', 'A1J014064', '15746392426187.jpg', 's3', 2018, '15746384319042.jpg', '15746391018771.jpg', '15746391921728.jpg', '15746391805633.jpg', '157463918056331.jpg', '15749220150610.jpg', '15749220215661.jpg', '157463918056334.jpg', '157463918056335.jpg'),
('47', 'A1J015023', '15746392426187.jpg', 's1', 2018, '15746384319042.jpg', '15746391018771.jpg', '15746391921728.jpg', '15746391805633.jpg', '15749219204379.jpg', '157463918056332.jpg', '157463918056333.jpg', '157463918056334.jpg', '157463918056335.jpg'),
('47a', 'A1J015023', '15746392426187.jpg', 's2', 2018, '15746384319042.jpg', '15746391018771.jpg', '15746391921728.jpg', '15746391805633.jpg', '15749219291136.jpg', '157463918056332.jpg', '157463918056333.jpg', '157463918056334.jpg', '157463918056335.jpg'),
('47b', 'A1J015023', '15746392426187.jpg', 's3', 2018, '15746384319042.jpg', '15746391018771.jpg', '15746391921728.jpg', '15746391805633.jpg', '15749219429221.jpg', '157463918056332.jpg', '157463918056333.jpg', '157463918056334.jpg', '157463918056335.jpg'),
('48', 'A1J014065', '15746392426187.jpg', 's1', 2018, '15746384319042.jpg', '15746391018771.jpg', '15746391921728.jpg', '15746391805633.jpg', '157463918056331.jpg', '15749218153581.jpg', '15749218214849.jpg', '157463918056334.jpg', '157463918056335.jpg'),
('48a', 'A1J014065', '15746392426187.jpg', 's2', 2018, '15746384319042.jpg', '15746391018771.jpg', '15746391921728.jpg', '15746391805633.jpg', '157463918056331.jpg', '15749218312703.jpg', '15749218370871.jpg', '157463918056334.jpg', '157463918056335.jpg'),
('48b', 'A1J014065', '15746392426187.jpg', 's3', 2018, '15746384319042.jpg', '15746391018771.jpg', '15746391921728.jpg', '15746391805633.jpg', '157463918056331.jpg', '15749218476090.jpg', '15749218543123.jpg', '157463918056334.jpg', '157463918056335.jpg'),
('49', 'A1J014059', '15746392426187.jpg', 's1', 2018, '15746384319042.jpg', '15746391018771.jpg', '15746391921728.jpg', '15746391805633.jpg', '157463918056331.jpg', '15749217369530.jpg', '15749217424797.jpg', '157463918056334.jpg', '157463918056335.jpg'),
('49a', 'A1J014059', '15746392426187.jpg', 's2', 2018, '15746384319042.jpg', '15746391018771.jpg', '15746391921728.jpg', '15746391805633.jpg', '157463918056331.jpg', '15749217524923.jpg', '15749217589353.jpg', '157463918056334.jpg', '157463918056335.jpg'),
('49b', 'A1J014059', '15746392426187.jpg', 's3', 2018, '15746384319042.jpg', '15746391018771.jpg', '15746391921728.jpg', '15746391805633.jpg', '157463918056331.jpg', '15749217789892.jpg', '15749217853634.jpg', '157463918056334.jpg', '157463918056335.jpg'),
('4a', 'A1J014028', '15746392426187.jpg', 's2', 2018, '15746384319042.jpg', '15746391018771.jpg', '15746391921728.jpg', '15746391805633.jpg', '15749229711754.jpg', '15749229546163.jpg', '15749229603077.jpg', '157463918056334.jpg', '157463918056335.jpg'),
('4b', 'A1J014028', '15746392426187.jpg', 's3', 2018, '15746384319042.jpg', '15746391018771.jpg', '15746391921728.jpg', '15746391805633.jpg', '15749229973532.jpg', '15749229903560.jpg', '15749229828356.jpg', '157463918056334.jpg', '157463918056335.jpg'),
('5', 'A1J014032', '15746392426187.jpg', 's1', 2018, '15746384319042.jpg', '15746391018771.jpg', '15746391921728.jpg', '15746391805633.jpg', '157463918056331.jpg', '15749216535052.jpg', '15749216627706.jpg', '157463918056334.jpg', '157463918056335.jpg'),
('50', 'A1J015031', '15746392426187.jpg', 's1', 2018, '15746384319042.jpg', '15746391018771.jpg', '15746391921728.jpg', '15746391805633.jpg', '15749215928263.jpg', '157463918056332.jpg', '157463918056333.jpg', '157463918056334.jpg', '157463918056335.jpg'),
('50a', 'A1J015031', '15746392426187.jpg', 's2', 2018, '15746384319042.jpg', '15746391018771.jpg', '15746391921728.jpg', '15746391805633.jpg', '15749216038385.jpg', '157463918056332.jpg', '157463918056333.jpg', '157463918056334.jpg', '157463918056335.jpg'),
('50b', 'A1J015031', '15746392426187.jpg', 's3', 2018, '15746384319042.jpg', '15746391018771.jpg', '15746391921728.jpg', '15746391805633.jpg', '15749216137885.jpg', '157463918056332.jpg', '157463918056333.jpg', '157463918056334.jpg', '157463918056335.jpg'),
('51', 'A1J014055', '15746392426187.jpg', 's1', 2018, '15746384319042.jpg', '15746391018771.jpg', '15746391921728.jpg', '15746391805633.jpg', '15749214333490.jpg', '15749214617391.jpg', '15749214691195.jpg', '15749214805409.jpg', '157463918056335.jpg'),
('51a', 'A1J014055', '15746392426187.jpg', 's2', 2018, '15746384319042.jpg', '15746391018771.jpg', '15746391921728.jpg', '15746391805633.jpg', '157463918056331.jpg', '15749215026511.jpg', '15749214931766.jpg', '15749215120760.jpg', '157463918056335.jpg'),
('51b', 'A1J014055', '15746392426187.jpg', 's3', 2018, '15746384319042.jpg', '15746391018771.jpg', '15746391921728.jpg', '15746391805633.jpg', '157463918056331.jpg', '15749215323391.jpg', '15749215249498.jpg', '15749215429230.jpg', '157463918056335.jpg'),
('52', 'A1J013064', '15746392426187.jpg', 's1', 2018, '15746384319042.jpg', '15746391018771.jpg', '15746391921728.jpg', '15746391805633.jpg', '157463918056331.jpg', '157463918056332.jpg', '157463918056333.jpg', '157463918056334.jpg', '157463918056335.jpg'),
('52a', 'A1J013064', '15746392426187.jpg', 's2', 2018, '15746384319042.jpg', '15746391018771.jpg', '15746391921728.jpg', '15746391805633.jpg', '157463918056331.jpg', '157463918056332.jpg', '157463918056333.jpg', '157463918056334.jpg', '157463918056335.jpg'),
('52b', 'A1J013064', '15746392426187.jpg', 's3', 2018, '15746384319042.jpg', '15746391018771.jpg', '15746391921728.jpg', '15746391805633.jpg', '157463918056331.jpg', '157463918056332.jpg', '157463918056333.jpg', '157463918056334.jpg', '157463918056335.jpg'),
('53', 'A1J015024', '15746392426187.jpg', 's1', 2018, '15746384319042.jpg', '15746391018771.jpg', '15746391921728.jpg', '15746391805633.jpg', '15749213276015.jpg', '157463918056332.jpg', '157463918056333.jpg', '157463918056334.jpg', '157463918056335.jpg'),
('53a', 'A1J015024', '15746392426187.jpg', 's2', 2018, '15746384319042.jpg', '15746391018771.jpg', '15746391921728.jpg', '15746391805633.jpg', '15749213383612.jpg', '157463918056332.jpg', '157463918056333.jpg', '157463918056334.jpg', '157463918056335.jpg'),
('53b', 'A1J015024', '15746392426187.jpg', 's3', 2018, '15746384319042.jpg', '15746391018771.jpg', '15746391921728.jpg', '15746391805633.jpg', '15749213480424.jpg', '157463918056332.jpg', '157463918056333.jpg', '157463918056334.jpg', '157463918056335.jpg'),
('54', 'A1J015020', '15746392426187.jpg', 's1', 2018, '15746384319042.jpg', '15746391018771.jpg', '15746391921728.jpg', '15746391805633.jpg', '15749212697766.jpg', '157463918056332.jpg', '157463918056333.jpg', '157463918056334.jpg', '157463918056335.jpg'),
('54a', 'A1J015020', '15746392426187.jpg', 's2', 2018, '15746384319042.jpg', '15746391018771.jpg', '15746391921728.jpg', '15746391805633.jpg', '15749212794226.jpg', '157463918056332.jpg', '157463918056333.jpg', '157463918056334.jpg', '157463918056335.jpg'),
('54b', 'A1J015020', '15746392426187.jpg', 's3', 2018, '15746384319042.jpg', '15746391018771.jpg', '15746391921728.jpg', '15746391805633.jpg', '15749212889489.jpg', '157463918056332.jpg', '157463918056333.jpg', '157463918056334.jpg', '157463918056335.jpg'),
('55', 'A1J015030', '15746392426187.jpg', 's1', 2019, '15746384319042.jpg', '15746391018771.jpg', '15746391921728.jpg', '15746391805633.jpg', '15749212187538.jpg', '157463918056332.jpg', '157463918056333.jpg', '157463918056334.jpg', '157463918056335.jpg'),
('55a', 'A1J015030', '15746392426187.jpg', 's2', 2019, '15746384319042.jpg', '15746391018771.jpg', '15746391921728.jpg', '15746391805633.jpg', '15749212287052.jpg', '157463918056332.jpg', '157463918056333.jpg', '157463918056334.jpg', '157463918056335.jpg'),
('55b', 'A1J015030', '15746392426187.jpg', 's3', 2019, '15746384319042.jpg', '15746391018771.jpg', '15746391921728.jpg', '15746391805633.jpg', '15749212385824.jpg', '157463918056332.jpg', '157463918056333.jpg', '157463918056334.jpg', '157463918056335.jpg'),
('56', 'A1J015021', '15746392426187.jpg', 's1', 2019, '15746384319042.jpg', '15746391018771.jpg', '15746391921728.jpg', '15746391805633.jpg', '15749211590096.jpg', '157463918056332.jpg', '157463918056333.jpg', '157463918056334.jpg', '157463918056335.jpg'),
('56a', 'A1J015021', '15746392426187.jpg', 's2', 2019, '15746384319042.jpg', '15746391018771.jpg', '15746391921728.jpg', '15746391805633.jpg', '15749211677723.jpg', '157463918056332.jpg', '157463918056333.jpg', '157463918056334.jpg', '157463918056335.jpg'),
('56b', 'A1J015021', '15746392426187.jpg', 's3', 2019, '15746384319042.jpg', '15746391018771.jpg', '15746391921728.jpg', '15746391805633.jpg', '15749211804015.jpg', '157463918056332.jpg', '157463918056333.jpg', '157463918056334.jpg', '157463918056335.jpg'),
('57', 'A1J015005', '15746392426187.jpg', 's1', 2019, '15746384319042.jpg', '15746391018771.jpg', '15746391921728.jpg', '15746391805633.jpg', '157463918056331.jpg', '157463918056332.jpg', '157463918056333.jpg', '157463918056334.jpg', '157463918056335.jpg'),
('57a', 'A1J015005', '15746392426187.jpg', 's2', 2019, '15746384319042.jpg', '15746391018771.jpg', '15746391921728.jpg', '15746391805633.jpg', '15749211080859.jpg', '157463918056332.jpg', '157463918056333.jpg', '157463918056334.jpg', '157463918056335.jpg'),
('57b', 'A1J015005', '15746392426187.jpg', 's3', 2019, '15746384319042.jpg', '15746391018771.jpg', '15746391921728.jpg', '15746391805633.jpg', '15749211197132.jpg', '157463918056332.jpg', '157463918056333.jpg', '157463918056334.jpg', '157463918056335.jpg'),
('58', 'A1J014010', '15746392426187.jpg', 's1', 2019, '15746384319042.jpg', '15746391018771.jpg', '15746391921728.jpg', '15746391805633.jpg', '157463918056331.jpg', '15749210288542.jpg', '157463918056333.jpg', '157463918056334.jpg', '157463918056335.jpg'),
('58a', 'A1J014010', '15746392426187.jpg', 's2', 2019, '15746384319042.jpg', '15746391018771.jpg', '15746391921728.jpg', '15746391805633.jpg', '157463918056331.jpg', '15749210398286.jpg', '157463918056333.jpg', '157463918056334.jpg', '157463918056335.jpg'),
('58b', 'A1J014010', '15746392426187.jpg', 's3', 2019, '15746384319042.jpg', '15746391018771.jpg', '15746391921728.jpg', '15746391805633.jpg', '157463918056331.jpg', '15749210520806.jpg', '157463918056333.jpg', '157463918056334.jpg', '157463918056335.jpg'),
('59', 'A1J014031', '15746392426187.jpg', 's1', 2019, '15746384319042.jpg', '15746391018771.jpg', '15746391921728.jpg', '15746391805633.jpg', '157463918056331.jpg', '15749209048858.jpg', '15749208903954.jpg', '15749208984200.jpg', '157463918056335.jpg'),
('59a', 'A1J014031', '15746392426187.jpg', 's2', 2019, '15746384319042.jpg', '15746391018771.jpg', '15746391921728.jpg', '15746391805633.jpg', '157463918056331.jpg', '15749209283422.jpg', '15749209196663.jpg', '15749209464434.jpg', '157463918056335.jpg'),
('59b', 'A1J014031', '15746392426187.jpg', 's3', 2019, '15746384319042.jpg', '15746391018771.jpg', '15746391921728.jpg', '15746391805633.jpg', '157463918056331.jpg', '15749209774181.jpg', '15749209694611.jpg', '15749209626639.jpg', '157463918056335.jpg'),
('5a', 'A1J014032', '15746392426187.jpg', 's2', 2018, '15746384319042.jpg', '15746391018771.jpg', '15746391921728.jpg', '15746391805633.jpg', '157463918056331.jpg', '15749216735790.jpg', '15749216814159.jpg', '157463918056334.jpg', '157463918056335.jpg'),
('5b', 'A1J014032', '15746392426187.jpg', 's3', 2018, '15746384319042.jpg', '15746391018771.jpg', '15746391921728.jpg', '15746391805633.jpg', '157463918056331.jpg', '15749216927726.jpg', '15749217002483.jpg', '157463918056334.jpg', '157463918056335.jpg'),
('6', 'A1J014001', '15746392426187.jpg', 's1', 2018, '15746384319042.jpg', '15746391018771.jpg', '15746391921728.jpg', '15746391805633.jpg', '157463918056331.jpg', '157463918056332.jpg', '15749208267731.jpg', '157463918056334.jpg', '157463918056335.jpg'),
('60', 'A1J015018', '15746392426187.jpg', 's1', 2019, '15746384319042.jpg', '15746391018771.jpg', '15746391921728.jpg', '15746391805633.jpg', '15749207408968.jpg', '157463918056332.jpg', '157463918056333.jpg', '157463918056334.jpg', '157463918056335.jpg'),
('60a', 'A1J015018', '15746392426187.jpg', 's2', 2019, '15746384319042.jpg', '15746391018771.jpg', '15746391921728.jpg', '15746391805633.jpg', '15749207517770.jpg', '157463918056332.jpg', '157463918056333.jpg', '157463918056334.jpg', '157463918056335.jpg'),
('60b', 'A1J015018', '15746392426187.jpg', 's3', 2019, '15746384319042.jpg', '15746391018771.jpg', '15746391921728.jpg', '15746391805633.jpg', '15749207648948.jpg', '157463918056332.jpg', '157463918056333.jpg', '157463918056334.jpg', '157463918056335.jpg'),
('61', 'A1J015011', '15746392426187.jpg', 's1', 2019, '15746384319042.jpg', '15746391018771.jpg', '15746391921728.jpg', '15746391805633.jpg', '157463918056331.jpg', '157463918056332.jpg', '157463918056333.jpg', '157463918056334.jpg', '157463918056335.jpg'),
('61a', 'A1J015011', '15746392426187.jpg', 's2', 2019, '15746384319042.jpg', '15746391018771.jpg', '15746391921728.jpg', '15746391805633.jpg', '157463918056331.jpg', '157463918056332.jpg', '157463918056333.jpg', '157463918056334.jpg', '157463918056335.jpg'),
('61b', 'A1J015011', '15746392426187.jpg', 's3', 2019, '15746384319042.jpg', '15746391018771.jpg', '15746391921728.jpg', '15746391805633.jpg', '157463918056331.jpg', '157463918056332.jpg', '157463918056333.jpg', '157463918056334.jpg', '157463918056335.jpg'),
('62', 'A1J014039', '15746392426187.jpg', 's1', 2019, '15746384319042.jpg', '15746391018771.jpg', '15746391921728.jpg', '15746391805633.jpg', '157463918056331.jpg', '15749205962978.jpg', '15749206027945.jpg', '157463918056334.jpg', '157463918056335.jpg'),
('62a', 'A1J014039', '15746392426187.jpg', 's2', 2019, '15746384319042.jpg', '15746391018771.jpg', '15746391921728.jpg', '15746391805633.jpg', '157463918056331.jpg', '15749206192627.jpg', '15749206265295.jpg', '157463918056334.jpg', '157463918056335.jpg'),
('62b', 'A1J014039', '15746392426187.jpg', 's3', 2019, '15746384319042.jpg', '15746391018771.jpg', '15746391921728.jpg', '15746391805633.jpg', '157463918056331.jpg', '15749206495038.jpg', '15749206429831.jpg', '157463918056334.jpg', '157463918056335.jpg'),
('63', 'A1J015025', '15746392426187.jpg', 's1', 2019, '15746384319042.jpg', '15746391018771.jpg', '15746391921728.jpg', '15746391805633.jpg', '15749205283230.jpg', '157463918056332.jpg', '157463918056333.jpg', '157463918056334.jpg', '157463918056335.jpg'),
('63a', 'A1J015025', '15746392426187.jpg', 's2', 2019, '15746384319042.jpg', '15746391018771.jpg', '15746391921728.jpg', '15746391805633.jpg', '15749205410827.jpg', '157463918056332.jpg', '157463918056333.jpg', '157463918056334.jpg', '157463918056335.jpg'),
('63b', 'A1J015025', '15746392426187.jpg', 's3', 2019, '15746384319042.jpg', '15746391018771.jpg', '15746391921728.jpg', '15746391805633.jpg', '15749205532860.jpg', '157463918056332.jpg', '157463918056333.jpg', '157463918056334.jpg', '157463918056335.jpg'),
('64', 'A1J015032', '15746392426187.jpg', 's1', 2018, '15746384319042.jpg', '15746391018771.jpg', '15746391921728.jpg', '15746391805633.jpg', '15749204529732.jpg', '157463918056332.jpg', '157463918056333.jpg', '157463918056334.jpg', '157463918056335.jpg'),
('64a', 'A1J015032', '15746392426187.jpg', 's2', 2018, '15746384319042.jpg', '15746391018771.jpg', '15746391921728.jpg', '15746391805633.jpg', '15749204643716.jpg', '157463918056332.jpg', '157463918056333.jpg', '157463918056334.jpg', '157463918056335.jpg'),
('64b', 'A1J015032', '15746392426187.jpg', 's3', 2018, '15746384319042.jpg', '15746391018771.jpg', '15746391921728.jpg', '15746391805633.jpg', '15749204775903.jpg', '157463918056332.jpg', '157463918056333.jpg', '157463918056334.jpg', '157463918056335.jpg'),
('65', 'A1J015007', '15746392426187.jpg', 's1', 2018, '15746384319042.jpg', '15746391018771.jpg', '15746391921728.jpg', '15746391805633.jpg', '15749203719350.jpg', '157463918056332.jpg', '157463918056333.jpg', '157463918056334.jpg', '157463918056335.jpg'),
('65a', 'A1J015007', '15746392426187.jpg', 's2', 2018, '15746384319042.jpg', '15746391018771.jpg', '15746391921728.jpg', '15746391805633.jpg', '15749203851326.jpg', '157463918056332.jpg', '157463918056333.jpg', '157463918056334.jpg', '157463918056335.jpg'),
('65b', 'A1J015007', '15746392426187.jpg', 's3', 2018, '15746384319042.jpg', '15746391018771.jpg', '15746391921728.jpg', '15746391805633.jpg', '15749203980154.jpg', '157463918056332.jpg', '157463918056333.jpg', '157463918056334.jpg', '157463918056335.jpg'),
('66', 'A1J015019', '15746513649721.jpg', 's1', 2018, '15746513821728.jpg', '157464181884635.jpg', '15746391921728.jpg', '15746391805633.jpg', '15749202725852.jpg', '157463918056332.jpg', '157463918056333.jpg', '157463918056334.jpg', '157463918056335.jpg'),
('66a', 'A1J015019', '15746392426187.jpg', 's2', 2018, '15746481656022.jpg', '157464181884635.jpg', '15746391921728.jpg', '15746391805633.jpg', '15749202841698.jpg', '157463918056332.jpg', '157463918056333.jpg', '157463918056334.jpg', '157463918056335.jpg'),
('66b', 'A1J015019', '15746518423278.jpg', 's3', 2018, '15746482215603.jpg', '15746391018771.jpg', '15746391921728.jpg', '15746391805633.jpg', '15749203062738.jpg', '157463918056332.jpg', '157463918056333.jpg', '157463918056334.jpg', '157463918056335.jpg'),
('6a', 'A1J014001', '15746392426187.jpg', 's2', 2018, '15746384319042.jpg', '15746391018771.jpg', '15746391921728.jpg', '15746391805633.jpg', '157463918056331.jpg', '157463918056332.jpg', '15749208393360.jpg', '157463918056334.jpg', '157463918056335.jpg'),
('6b', 'A1J014001', '15746392426187.jpg', 's3', 2018, '15746384319042.jpg', '15746391018771.jpg', '15746391921728.jpg', '15746391805633.jpg', '157463918056331.jpg', '157463918056332.jpg', '15749208559821.jpg', '157463918056334.jpg', '157463918056335.jpg'),
('7', 'A1J014049', '15746392426187.jpg', 's1', 2018, '15746384319042.jpg', '15746391018771.jpg', '15746391921728.jpg', '15746391805633.jpg', '157463918056331.jpg', '15749201219230.jpg', '15749201496871.jpg', '15749201404264.jpg', '157463918056335.jpg'),
('72', 'A1J891221', '15779439032617.jpg', 's1', 2020, NULL, NULL, NULL, NULL, NULL, NULL, NULL, NULL, NULL),
('72a', 'A1J891221', '15779439810661.jpg', 's2', 2020, NULL, NULL, NULL, NULL, NULL, NULL, NULL, NULL, NULL),
('72b', 'A1J891221', '15779443270645.jpg', 's3', 2020, NULL, NULL, NULL, NULL, NULL, NULL, NULL, NULL, NULL),
('73', 'A1J013030', '15984428202306.jpg', 's1', 2020, '15984428318283.jpg', '15984428507813.jpg', NULL, NULL, NULL, NULL, NULL, NULL, NULL),
('73a', 'A1J013030', '15984434994080.jpg', 's2', 2020, NULL, NULL, NULL, NULL, NULL, NULL, NULL, NULL, NULL),
('73b', 'A1J013030', '15984438199582.jpg', 's3', 2020, NULL, NULL, NULL, NULL, NULL, NULL, NULL, NULL, NULL),
('74', 'A1J010000', '15986766364341.jpg', 's1', 2020, NULL, NULL, NULL, NULL, NULL, NULL, NULL, NULL, NULL),
('75', 'A1J012112', '15986898314315.jpg', 's1', 2020, NULL, NULL, NULL, NULL, NULL, NULL, NULL, NULL, NULL),
('76', 'A1J012020', '15986921454252.jpg', 's1', 2020, '15986921546387.jpg', '15986921961922.jpg', '15986922046132.jpg', '15986922112288.jpg', '15986922185713.jpg', '15986922288957.jpg', '15986922412664.jpg', '15986922507993.jpg', '15986922585618.jpg'),
('76a', 'A1J012020', '15986934113788.jpg', 's2', 2020, NULL, NULL, NULL, NULL, NULL, NULL, NULL, NULL, NULL);
INSERT INTO `syarat` (`id_syarat`, `npm`, `fileskrip`, `acc_seminar`, `tahun`, `kbskrip`, `sizin`, `ukt`, `transkrip`, `lhs`, `krs`, `ijazah`, `nim`, `foto`) VALUES
('7a', 'A1J014049', '15746392426187.jpg', 's2', 2018, '15746384319042.jpg', '15746391018771.jpg', '15746391921728.jpg', '15746391805633.jpg', '157463918056331.jpg', '15749201796797.jpg', '15749201636888.jpg', '15749201715205.jpg', '157463918056335.jpg'),
('7b', 'A1J014049', '15746392426187.jpg', 's3', 2018, '15746384319042.jpg', '15746391018771.jpg', '15746391921728.jpg', '15746391805633.jpg', '157463918056331.jpg', '15749202030959.jpg', '15749201843682.jpg', '15749202112014.jpg', '157463918056335.jpg'),
('8', 'A1J014073', '15746392426187.jpg', 's1', 2018, '15746384319042.jpg', '15746391018771.jpg', '15746391921728.jpg', '15746391805633.jpg', '157463918056331.jpg', '15749199731408.jpg', '157463918056333.jpg', '15749199606088.jpg', '157463918056335.jpg'),
('8a', 'A1J014073', '15746392426187.jpg', 's2', 2018, '15746384319042.jpg', '15746391018771.jpg', '15746391921728.jpg', '15746391805633.jpg', '157463918056331.jpg', '15749200155745.jpg', '157463918056333.jpg', '15749200069731.jpg', '157463918056335.jpg'),
('8b', 'A1J014073', '15746392426187.jpg', 's3', 2018, '15746384319042.jpg', '15746391018771.jpg', '15746391921728.jpg', '15746391805633.jpg', '157463918056331.jpg', '15749200383011.jpg', '157463918056333.jpg', '15749200289780.jpg', '157463918056335.jpg'),
('9', 'A1J014070', '15746392426187.jpg', 's1', 2018, '15746384319042.jpg', '15746391018771.jpg', '15746391921728.jpg', '15746391805633.jpg', '15749197345488.jpg', '15749197232671.jpg', '15749197081873.jpg', '157463918056334.jpg', '157463918056335.jpg'),
('9a', 'A1J014070', '15746392426187.jpg', 's2', 2018, '15746384319042.jpg', '15746391018771.jpg', '15746391921728.jpg', '15746391805633.jpg', '15749197868316.jpg', '15749197727146.jpg', '15749197622626.jpg', '157463918056334.jpg', '157463918056335.jpg'),
('9b', 'A1J014070', '15746392426187.jpg', 's3', 2018, '15746384319042.jpg', '15746391018771.jpg', '15746391921728.jpg', '15746391805633.jpg', '15749198507548.jpg', '15749198329285.jpg', '15749198237237.jpg', '157463918056334.jpg', '157463918056335.jpg');

--
-- Indexes for dumped tables
--

--
-- Indexes for table `dosen`
--
ALTER TABLE `dosen`
  ADD PRIMARY KEY (`nip`);

--
-- Indexes for table `mahasiswa`
--
ALTER TABLE `mahasiswa`
  ADD PRIMARY KEY (`npm`);

--
-- Indexes for table `nilai`
--
ALTER TABLE `nilai`
  ADD PRIMARY KEY (`id_nilai`),
  ADD KEY `npm` (`npm`),
  ADD KEY `id_bimbing` (`id_bimbing`);

--
-- Indexes for table `operator`
--
ALTER TABLE `operator`
  ADD PRIMARY KEY (`username`);

--
-- Indexes for table `pembimbing`
--
ALTER TABLE `pembimbing`
  ADD PRIMARY KEY (`id_bimbing`),
  ADD KEY `npm` (`npm`),
  ADD KEY `pb1` (`pb1`),
  ADD KEY `pb2` (`pb2`);

--
-- Indexes for table `pesan`
--
ALTER TABLE `pesan`
  ADD PRIMARY KEY (`id_pesan`);

--
-- Indexes for table `semhas`
--
ALTER TABLE `semhas`
  ADD PRIMARY KEY (`id_semhas`),
  ADD KEY `npm` (`npm`),
  ADD KEY `dosen_penguji1` (`pg1`),
  ADD KEY `dosen_penguji2` (`pg2`),
  ADD KEY `id_bimbing` (`id_bimbing`);

--
-- Indexes for table `semprop`
--
ALTER TABLE `semprop`
  ADD PRIMARY KEY (`id_semprop`),
  ADD KEY `npm` (`npm`),
  ADD KEY `dosen_penguji1` (`pg1`),
  ADD KEY `dosen_penguji2` (`pg2`),
  ADD KEY `id_bimbing` (`id_bimbing`);

--
-- Indexes for table `sidang`
--
ALTER TABLE `sidang`
  ADD PRIMARY KEY (`id_sidang`),
  ADD UNIQUE KEY `id_bimbing_2` (`id_bimbing`),
  ADD KEY `npm` (`npm`),
  ADD KEY `dosen_penguji1` (`pg1`),
  ADD KEY `dosen_penguji2` (`pg2`),
  ADD KEY `id_bimbing` (`id_bimbing`);

--
-- Indexes for table `skripsi`
--
ALTER TABLE `skripsi`
  ADD PRIMARY KEY (`id_skripsi`),
  ADD KEY `npm` (`npm`);

--
-- Indexes for table `syarat`
--
ALTER TABLE `syarat`
  ADD PRIMARY KEY (`id_syarat`),
  ADD KEY `npm` (`npm`);

--
-- AUTO_INCREMENT for dumped tables
--

--
-- AUTO_INCREMENT for table `nilai`
--
ALTER TABLE `nilai`
  MODIFY `id_nilai` int(11) NOT NULL AUTO_INCREMENT, AUTO_INCREMENT=862;

--
-- AUTO_INCREMENT for table `pembimbing`
--
ALTER TABLE `pembimbing`
  MODIFY `id_bimbing` int(11) NOT NULL AUTO_INCREMENT, AUTO_INCREMENT=77;

--
-- AUTO_INCREMENT for table `pesan`
--
ALTER TABLE `pesan`
  MODIFY `id_pesan` int(11) NOT NULL AUTO_INCREMENT, AUTO_INCREMENT=9;

--
-- AUTO_INCREMENT for table `skripsi`
--
ALTER TABLE `skripsi`
  MODIFY `id_skripsi` int(4) NOT NULL AUTO_INCREMENT, AUTO_INCREMENT=77;

--
-- Constraints for dumped tables
--

--
-- Constraints for table `pembimbing`
--
ALTER TABLE `pembimbing`
  ADD CONSTRAINT `pembimbing_ibfk_1` FOREIGN KEY (`id_bimbing`) REFERENCES `skripsi` (`id_skripsi`) ON DELETE CASCADE ON UPDATE CASCADE;

--
-- Constraints for table `semhas`
--
ALTER TABLE `semhas`
  ADD CONSTRAINT `semhas_ibfk_1` FOREIGN KEY (`id_semhas`) REFERENCES `syarat` (`id_syarat`) ON DELETE CASCADE ON UPDATE CASCADE;

--
-- Constraints for table `semprop`
--
ALTER TABLE `semprop`
  ADD CONSTRAINT `semprop_ibfk_1` FOREIGN KEY (`id_semprop`) REFERENCES `syarat` (`id_syarat`) ON DELETE CASCADE ON UPDATE CASCADE;

--
-- Constraints for table `sidang`
--
ALTER TABLE `sidang`
  ADD CONSTRAINT `sidang_ibfk_1` FOREIGN KEY (`id_sidang`) REFERENCES `syarat` (`id_syarat`) ON DELETE CASCADE ON UPDATE CASCADE;

--
-- Constraints for table `skripsi`
--
ALTER TABLE `skripsi`
  ADD CONSTRAINT `skripsi_ibfk_1` FOREIGN KEY (`npm`) REFERENCES `mahasiswa` (`npm`) ON DELETE CASCADE ON UPDATE CASCADE;
COMMIT;

/*!40101 SET CHARACTER_SET_CLIENT=@OLD_CHARACTER_SET_CLIENT */;
/*!40101 SET CHARACTER_SET_RESULTS=@OLD_CHARACTER_SET_RESULTS */;
/*!40101 SET COLLATION_CONNECTION=@OLD_COLLATION_CONNECTION */;
